City or municipality,Population,Area,PD,Barangay,Class,Province,,,
Bangued,48163,105.7,456,31,Mun,Abra,,,
Boliney,3573,216.92,16,8,Mun,Abra,,,
Bucay,17115,107.17,160,21,Mun,Abra,,,
Bucloc,2501,63.77,39,4,Mun,Abra,,,
Daguioman,2088,114.37,18,4,Mun,Abra,,,
Danglas,4192,156.02,27,7,Mun,Abra,,,
Dolores,11315,47.45,238,15,Mun,Abra,,,
La Paz,15437,51.41,300,12,Mun,Abra,,,
Lacub,3403,295.3,12,6,Mun,Abra,,,
Lagangilang,14255,101.44,141,17,Mun,Abra,,,
Lagayan,4499,215.97,21,5,Mun,Abra,,,
Langiden,3198,116.29,28,6,Mun,Abra,,,
Licuan-Baay (Licuan),4689,256.42,18,11,Mun,Abra,,,
Luba,6339,148.27,43,8,Mun,Abra,,,
Malibcong,3428,283.17,12,12,Mun,Abra,,,
Manabo,10761,110.95,97,11,Mun,Abra,,,
Peñarrubia,6640,38.29,173,9,Mun,Abra,,,
Pidigan,12185,49.15,248,15,Mun,Abra,,,
Pilar,10223,66.1,155,19,Mun,Abra,,,
Sallapadan,6622,128.62,51,9,Mun,Abra,,,
San Isidro,4574,48.07,95,9,Mun,Abra,,,
San Juan,9867,64.08,154,19,Mun,Abra,,,
San Quintin,5438,66.59,82,6,Mun,Abra,,,
Tayum,14467,61.14,237,11,Mun,Abra,,,
Tineg,5097,744.8,7,10,Mun,Abra,,,
Tubo,5699,409.87,14,10,Mun,Abra,,,
Villaviciosa,5392,102.93,52,8,Mun,Abra,,,
Buenavista,61614,475.61,130,25,Mun,Agusan del Norte,,,
Butuan,337063,816.62,413,86,HUC,Agusan del Norte,,,
Cabadbaran,73639,214.44,343,31,CC,Agusan del Norte,,,
Carmen,20839,311.02,67,8,Mun,Agusan del Norte,,,
Jabonga,23184,293,79,15,Mun,Agusan del Norte,,,
Kitcharao,18659,171.92,109,11,Mun,Agusan del Norte,,,
Las Nieves,28414,582.69,49,20,Mun,Agusan del Norte,,,
Magallanes,21007,44.31,474,8,Mun,Agusan del Norte,,,
Nasipit,41957,144.4,291,19,Mun,Agusan del Norte,,,
Remedios T. Romualdez,16058,79.15,203,8,Mun,Agusan del Norte,,,
Santiago,24200,275.61,88,8,Mun,Agusan del Norte,,,
Tubay,24932,138.09,181,13,Mun,Agusan del Norte,,,
Bayugan,103202,688.77,150,43,CC,Agusan del Sur,,,
Bunawan,45151,512.16,88,10,Mun,Agusan del Sur,,,
Esperanza,54801,1355.48,40,47,Mun,Agusan del Sur,,,
La Paz,28217,1481.12,19,15,Mun,Agusan del Sur,,,
Loreto,42501,1462.74,29,17,Mun,Agusan del Sur,,,
Prosperidad,82631,505.15,164,32,Mun,Agusan del Sur,,,
Rosario,46683,385.05,121,11,Mun,Agusan del Sur,,,
San Francisco,74542,392.53,190,27,Mun,Agusan del Sur,,,
San Luis,32109,950.5,34,25,Mun,Agusan del Sur,,,
Santa Josefa,26729,341.8,78,11,Mun,Agusan del Sur,,,
Sibagat,30442,567.82,54,24,Mun,Agusan del Sur,,,
Talacogon,38374,405.25,95,16,Mun,Agusan del Sur,,,
Trento,51565,555.7,93,16,Mun,Agusan del Sur,,,
Veruela,43706,385.45,113,20,Mun,Agusan del Sur,,,
Altavas,24619,109.05,226,14,Mun,Aklan,,,
Balete,28920,118.93,243,10,Mun,Aklan,,,
Banga,39505,84.53,467,30,Mun,Aklan,,,
Batan,32032,79.22,404,20,Mun,Aklan,,,
Buruanga,19003,88.5,215,15,Mun,Aklan,,,
Ibajay,49564,158.9,312,35,Mun,Aklan,,,
Kalibo,80605,50.75,1588,16,Mun,Aklan,,,
Lezo,15224,23.4,651,12,Mun,Aklan,,,
Libacao,28241,254.98,111,24,Mun,Aklan,,,
Madalag,18389,269.6,68,25,Mun,Aklan,,,
Makato,27262,64.6,422,18,Mun,Aklan,,,
Malay,52973,66.01,802,17,Mun,Aklan,,,
Malinao,23194,186.01,125,23,Mun,Aklan,,,
Nabas,36435,96.82,376,20,Mun,Aklan,,,
New Washington,45007,66.69,675,16,Mun,Aklan,,,
Numancia,31934,28.84,1107,17,Mun,Aklan,,,
Tangalan,21916,74.59,294,15,Mun,Aklan,,,
Bacacay,68906,122.13,564,56,Mun,Albay,,,
Camalig,66904,130.9,511,50,Mun,Albay,,,
Daraga (Locsin),126595,118.64,1067,54,Mun,Albay,,,
Guinobatan,82361,244.43,337,44,Mun,Albay,,,
Jovellar,17308,105.4,164,23,Mun,Albay,,,
Legazpi,196639,153.7,1279,70,CC,Albay,,,
Libon,75172,222.76,337,47,Mun,Albay,,,
Ligao,111399,246.75,451,55,CC,Albay,,,
Malilipot,37785,44.13,856,18,Mun,Albay,,,
Malinao,45301,107.5,421,29,Mun,Albay,,,
Manito,24707,107.4,230,15,Mun,Albay,,,
Oas,67960,263.61,258,53,Mun,Albay,,,
Pio Duran,46693,133.7,349,33,Mun,Albay,,,
Polangui,88221,145.3,607,44,Mun,Albay,,,
Rapu-Rapu,36920,155.3,238,34,Mun,Albay,,,
Santo Domingo,34967,51.22,683,23,Mun,Albay,,,
Tabaco,133868,117.14,1143,47,CC,Albay,,,
Tiwi,53120,105.76,474,25,Mun,Albay,,,
Anini-y,21201,66.17,320,23,Mun,Antique,,,
Barbaza,22704,154.36,147,39,Mun,Antique,,,
Belison,13539,19.78,684,11,Mun,Antique,,,
Bugasong,33642,203.71,165,27,Mun,Antique,,,
Caluya,35496,132.13,269,18,Mun,Antique,,,
Culasi,41228,228.56,180,44,Mun,Antique,,,
Hamtic,48592,113.03,430,47,Mun,Antique,,,
Laua-an,26072,100.72,259,40,Mun,Antique,,,
Libertad,16429,97,169,19,Mun,Antique,,,
Pandan,34333,113.98,301,34,Mun,Antique,,,
Patnongon,37176,167.92,221,36,Mun,Antique,,,
San Jose de Buenavista,62534,48.56,1288,28,Mun,Antique,,,
San Remigio,31935,406.98,78,45,Mun,Antique,,,
Sebaste,17907,111.64,160,10,Mun,Antique,,,
Sibalom,60306,201.3,300,76,Mun,Antique,,,
Tibiao,26748,177.42,151,21,Mun,Antique,,,
Tobias Fornier (Dao),33046,112.12,295,50,Mun,Antique,,,
Valderrama,19124,273.79,70,22,Mun,Antique,,,
Calanasan,12604,1256.15,10,18,Mun,Apayao,,,
Conner,26051,694.3,38,21,Mun,Apayao,,,
Flora,17391,324.4,54,16,Mun,Apayao,,,
Kabugao,15537,935.12,17,21,Mun,Apayao,,,
Luna,19063,606.04,31,22,Mun,Apayao,,,
Pudtol,14925,401.02,37,22,Mun,Apayao,,,
Santa Marcela,13613,196.32,69,13,Mun,Apayao,,,
Baler,39562,92.55,427,13,Mun,Aurora,,,
Casiguran,24313,715.43,34,24,Mun,Aurora,,,
Dilasag,15835,306.25,52,11,Mun,Aurora,,,
Dinalungan,11322,316.85,36,9,Mun,Aurora,,,
Dingalan,25482,304.55,84,11,Mun,Aurora,,,
Dipaculao,29736,361.64,82,25,Mun,Aurora,,,
Maria Aurora,40734,426.19,96,40,Mun,Aurora,,,
San Luis,27352,623.86,44,18,Mun,Aurora,,,
Akbar,17531,181,97,9,Mun,Basilan,,,
Al-Barka,20905,72.58,288,16,Mun,Basilan,,,
Hadji Mohammad Ajul,19307,41.02,471,11,Mun,Basilan,,,
Hadji Muhtamad,25085,173.22,140,10,Mun,Basilan,,,
Isabela City,112788,223.73,504,45,CC,Basilan,,,
Lamitan,74782,0,0,45,CC,Basilan,,,
Lantawan,24594,305.84,80,25,Mun,Basilan,,,
Maluso,40646,168.46,241,20,Mun,Basilan,,,
Sumisip,41730,0,0,29,Mun,Basilan,,,
Tabuan-Lasa,24188,64.95,372,12,Mun,Basilan,,,
Tipo-Tipo,19163,49.70,386,11,Mun,Basilan,,,
Tuburan,20207,0,0,10,Mun,Basilan,,,
Ungkaya Pukan,18441,96.13,192,12,Mun,Basilan,,,
Abucay,39880,79.72,500,9,Mun,Bataan,,,
Bagac,26936,231.2,117,14,Mun,Bataan,,,
Balanga,96061,111.63,861,25,CC,Bataan,,,
Dinalupihan,106371,92.52,1150,46,Mun,Bataan,,,
Hermosa,65862,157,420,23,Mun,Bataan,,,
Limay,68071,103.6,657,12,Mun,Bataan,,,
Mariveles,127536,153.9,829,18,Mun,Bataan,,,
Morong,29901,219.2,136,5,Mun,Bataan,,,
Orani,66909,64.9,1031,29,Mun,Bataan,,,
Orion,56002,65.41,856,23,Mun,Bataan,,,
Pilar,41823,37.6,1112,19,Mun,Bataan,,,
Samal,35298,56.3,627,14,Mun,Bataan,,,
Basco,8579,49.46,173,6,Mun,Batanes,,,
Itbayat,2867,83.13,34,5,Mun,Batanes,,,
Ivana,1327,16.54,80,4,Mun,Batanes,,,
Mahatao,1555,12.9,121,4,Mun,Batanes,,,
Sabtang,1621,40.7,40,6,Mun,Batanes,,,
Uyugan,1297,16.28,80,4,Mun,Batanes,,,
Agoncillo,38059,49.96,762,21,Mun,Batangas,,,
Alitagtag,25300,24.76,1022,19,Mun,Batangas,,,
Balayan,90699,108.73,834,48,Mun,Batangas,,,
Balete,22661,25,906,13,Mun,Batangas,,,
Batangas City,329874,282.96,1166,105,CC,Batangas,,,
Bauan,91297,53.31,1713,40,Mun,Batangas,,,
Calaca,81859,114.58,714,40,Mun,Batangas,,,
Calatagan,56449,112,504,25,Mun,Batangas,,,
Cuenca,32783,58.18,563,21,Mun,Batangas,,,
Ibaan,52970,68.99,768,26,Mun,Batangas,,,
Laurel,39444,71.29,553,21,Mun,Batangas,,,
Lemery,93157,109.8,848,46,Mun,Batangas,,,
Lian,52660,76.8,686,19,Mun,Batangas,,,
Lipa,332386,209.4,1587,72,CC,Batangas,,,
Lobo,41504,175.03,237,26,Mun,Batangas,,,
Mabini,46211,44.47,1039,34,Mun,Batangas,,,
Malvar,56270,33,1705,15,Mun,Batangas,,,
Mataasnakahoy,29187,22.1,1321,16,Mun,Batangas,,,
Nasugbu,134113,278.51,482,42,Mun,Batangas,,,
Padre Garcia,48302,41.51,1164,18,Mun,Batangas,,,
Rosario,116764,226.88,515,48,Mun,Batangas,,,
San Jose,76971,53.29,1444,33,Mun,Batangas,,,
San Juan,108585,273.4,397,42,Mun,Batangas,,,
San Luis,33149,42.56,779,26,Mun,Batangas,,,
San Nicolas,22623,14.37,1574,18,Mun,Batangas,,,
San Pascual,65424,50.7,1290,29,Mun,Batangas,,,
Santa Teresita,21127,16.3,1296,17,Mun,Batangas,,,
Santo Tomas,179844,95.41,1885,30,CC,Batangas,,,
Taal,56327,29.76,1893,42,Mun,Batangas,,,
Talisay,45301,28.2,1606,21,Mun,Batangas,,,
Tanauan,173366,107.16,1618,48,CC,Batangas,,,
Taysan,38007,93.62,406,20,Mun,Batangas,,,
Tingloy,17919,33.07,542,15,Mun,Batangas,,,
Tuy,43743,94.65,462,22,Mun,Batangas,,,
Atok,19668,214.99,91,8,Mun,Benguet,,,
Baguio,345366,57.51,5541,129,HUC,Benguet,,,
Bakun,15357,286.91,54,7,Mun,Benguet,,,
Bokod,13756,274.96,50,10,Mun,Benguet,,,
Buguias,43627,175.88,248,14,Mun,Benguet,,,
Itogon,59820,449.73,133,9,Mun,Benguet,,,
Kabayan,15260,242.69,63,13,Mun,Benguet,,,
Kapangan,19361,164.39,118,15,Mun,Benguet,,,
Kibungan,17292,254.86,68,7,Mun,Benguet,,,
La Trinidad,129133,70.04,1844,16,Mun,Benguet,,,
Mankayan,35953,130.48,276,12,Mun,Benguet,,,
Sablan,11457,105.63,108,8,Mun,Benguet,,,
Tuba,47648,295.97,161,13,Mun,Benguet,,,
Tublay,17892,102.55,174,8,Mun,Benguet,,,
Almeria,16951,57.46,295,13,Mun,Biliran,,,
Biliran,16882,70.3,240,11,Mun,Biliran,,,
Cabucgayan,20788,54.19,384,13,Mun,Biliran,,,
Caibiran,22524,83.55,270,17,Mun,Biliran,,,
Culaba,12325,73.42,168,17,Mun,Biliran,,,
Kawayan,20291,61.02,333,20,Mun,Biliran,,,
Maripipi,7159,27.83,257,15,Mun,Biliran,,,
Naval,54692,108.24,505,26,Mun,Biliran,,,
Alburquerque,10540,26.98,391,11,Mun,Bohol,,,
Alicia,23517,114.5,205,15,Mun,Bohol,,,
Anda,16462,61.89,266,16,Mun,Bohol,,,
Antequera,14425,118.6,122,21,Mun,Bohol,,,
Baclayon,20591,34.43,598,17,Mun,Bohol,,,
Balilihan,17903,127.27,141,31,Mun,Bohol,,,
Batuan,12767,48.79,262,15,Mun,Bohol,,,
Bien Unido,27115,27.39,990,15,Mun,Bohol,,,
Bilar,17590,129.71,136,19,Mun,Bohol,,,
Buenavista,27261,96,284,35,Mun,Bohol,,,
Calape,30863,75.36,410,33,Mun,Bohol,,,
Candijay,29475,103.26,285,21,Mun,Bohol,,,
Carmen,46306,239.45,193,29,Mun,Bohol,,,
Catigbian,22675,113.33,200,22,Mun,Bohol,,,
Clarin,20301,52.12,390,24,Mun,Bohol,,,
Corella,8479,37.22,228,8,Mun,Bohol,,,
Cortes,16954,27.32,621,14,Mun,Bohol,,,
Dagohoy,19158,77.59,247,15,Mun,Bohol,,,
Danao,17890,162.76,110,17,Mun,Bohol,,,
Dauis,45663,43.33,1054,12,Mun,Bohol,,,
Dimiao,14364,135.75,106,35,Mun,Bohol,,,
Duero,17876,97.3,184,21,Mun,Bohol,,,
Garcia Hernandez,24194,127.5,190,30,Mun,Bohol,,,
Getafe,30955,120.5,257,24,Mun,Bohol,,,
Guindulman,32408,179.17,181,19,Mun,Bohol,,,
Inabanga,45880,125.63,365,50,Mun,Bohol,,,
Jagna,33892,168.49,201,33,Mun,Bohol,,,
Lila,12257,40.5,303,18,Mun,Bohol,,,
Loay,16691,48.24,346,24,Mun,Bohol,,,
Loboc,15993,57.65,277,28,Mun,Bohol,,,
Loon,43034,113.36,380,67,Mun,Bohol,,,
Mabini,27171,104.57,260,22,Mun,Bohol,,,
Maribojoc,20688,49.35,419,22,Mun,Bohol,,,
Panglao,33553,47.79,702,10,Mun,Bohol,,,
Pilar,27256,120.39,226,21,Mun,Bohol,,,
President Carlos P. Garcia (Pitogo),23356,54.82,426,23,Mun,Bohol,,,
Sagbayan (Borja),22339,69.61,321,24,Mun,Bohol,,,
San Isidro,8744,60.04,146,12,Mun,Bohol,,,
San Miguel,24135,123.29,196,18,Mun,Bohol,,,
Sevilla,10661,116.75,91,13,Mun,Bohol,,,
Sierra Bullones,24745,198.87,124,22,Mun,Bohol,,,
Sikatuna,6726,38.22,176,10,Mun,Bohol,,,
Tagbilaran,105051,36.5,2878,15,CC,Bohol,,,
Talibon,66969,140.46,477,25,Mun,Bohol,,,
Trinidad,31956,195.3,164,20,Mun,Bohol,,,
Tubigon,45893,81.87,561,34,Mun,Bohol,,,
Ubay,73712,335.06,220,44,Mun,Bohol,,,
Valencia,27126,116.67,233,35,Mun,Bohol,,,
Baungon,34336,328.34,105,16,Mun,Bukidnon,,,
Cabanglasan,33997,243.3,140,15,Mun,Bukidnon,,,
Damulog,30302,244.19,124,17,Mun,Bukidnon,,,
Dangcagan,23723,422.69,56,14,Mun,Bukidnon,,,
Don Carlos,66959,213.72,313,29,Mun,Bukidnon,,,
Impasugong,47859,1051.17,46,13,Mun,Bukidnon,,,
Kadingilan,33778,171.94,196,17,Mun,Bukidnon,,,
Kalilangan,41601,251.43,165,14,Mun,Bukidnon,,,
Kibawe,39612,304.13,130,23,Mun,Bukidnon,,,
Kitaotao,50260,788.78,64,35,Mun,Bukidnon,,,
Lantapan,61776,328.35,188,14,Mun,Bukidnon,,,
Libona,43969,374.37,117,14,Mun,Bukidnon,,,
Malaybalay,174625,969.19,180,46,CC,Bukidnon,,,
Malitbog,24453,581.85,42,11,Mun,Bukidnon,,,
Manolo Fortich,100210,413.6,242,22,Mun,Bukidnon,,,
Maramag,102089,447.26,228,20,Mun,Bukidnon,,,
Pangantucan,53126,461.72,115,19,Mun,Bukidnon,,,
Quezon,104116,626.86,166,31,Mun,Bukidnon,,,
San Fernando,56138,705.06,80,24,Mun,Bukidnon,,,
Sumilao,27660,196.95,140,10,Mun,Bukidnon,,,
Talakag,71644,786.4,91,29,Mun,Bukidnon,,,
Valencia,192993,587.29,329,31,CC,Bukidnon,,,
Angat,59237,74,801,16,Mun,Bulacan,,,
Balagtas (Bigaa),73929,28.66,2580,9,Mun,Bulacan,,,
Baliuag,149954,45.05,3329,27,Mun,Bulacan,,,
Bocaue,119675,31.87,3755,19,Mun,Bulacan,,,
Bulakan,76565,72.9,1050,14,Mun,Bulacan,,,
Bustos,67039,69.99,958,14,Mun,Bulacan,,,
Calumpit,108757,56.25,1933,29,Mun,Bulacan,,,
Doña Remedios Trinidad,22663,932.96,24,8,Mun,Bulacan,,,
Guiguinto,99730,27.5,3627,14,Mun,Bulacan,,,
Hagonoy,129807,103.1,1259,26,Mun,Bulacan,,,
Malolos,252074,67.25,3748,51,CC,Bulacan,,,
Marilao,221965,33.74,6579,16,Mun,Bulacan,,,
Meycauayan,209083,32.1,6513,26,CC,Bulacan,,,
Norzagaray,111348,309.77,359,13,Mun,Bulacan,,,
Obando,59197,52.1,1136,11,Mun,Bulacan,,,
Pandi,89075,31.2,2855,22,Mun,Bulacan,,,
Paombong,53294,46.34,1150,14,Mun,Bulacan,,,
Plaridel,107805,32.44,3323,19,Mun,Bulacan,,,
Pulilan,97323,39.89,2440,19,Mun,Bulacan,,,
San Ildefonso,104471,128.71,812,36,Mun,Bulacan,,,
San Jose del Monte,574089,105.53,5440,59,CC,Bulacan,,,
San Miguel,153882,231.4,665,49,Mun,Bulacan,,,
San Rafael,94655,152.43,621,34,Mun,Bulacan,,,
Santa Maria,256454,90.92,2821,24,Mun,Bulacan,,,
Abulug,32497,162.6,200,20,Mun,Cagayan,,,
Alcala,38883,187.2,208,25,Mun,Cagayan,,,
Allacapan,33571,306.8,109,27,Mun,Cagayan,,,
Amulung,47860,242.2,198,47,Mun,Cagayan,,,
Aparri,65649,286.64,229,42,Mun,Cagayan,,,
Baggao,82782,920.6,90,48,Mun,Cagayan,,,
Ballesteros,34299,120,286,19,Mun,Cagayan,,,
Buguey,30175,164.5,183,30,Mun,Cagayan,,,
Calayan,16702,494.53,34,12,Mun,Cagayan,,,
Camalaniugan,24923,76.5,326,28,Mun,Cagayan,,,
Claveria,29921,194.8,154,41,Mun,Cagayan,,,
Enrile,35834,184.5,194,22,Mun,Cagayan,,,
Gattaran,56661,707.5,80,50,Mun,Cagayan,,,
Gonzaga,38892,567.43,69,25,Mun,Cagayan,,,
Iguig,27862,108.1,258,23,Mun,Cagayan,,,
Lal-lo,44506,702.8,63,35,Mun,Cagayan,,,
Lasam,39135,213.7,183,30,Mun,Cagayan,,,
Pamplona,23596,173.3,136,18,Mun,Cagayan,,,
Peñablanca,48584,1193.2,41,24,Mun,Cagayan,,,
Piat,23597,139.6,169,18,Mun,Cagayan,,,
Rizal,17994,124.4,145,29,Mun,Cagayan,,,
Sanchez-Mira,24541,198.8,123,18,Mun,Cagayan,,,
Santa Ana,32906,441.3,75,16,Mun,Cagayan,,,
Santa Praxedes,4154,109.97,38,10,Mun,Cagayan,,,
Santa Teresita,19038,166.98,114,13,Mun,Cagayan,,,
Santo Niño (Faire),27219,512.9,53,31,Mun,Cagayan,,,
Solana,82502,234.6,352,38,Mun,Cagayan,,,
Tuao,61535,215.5,286,32,Mun,Cagayan,,,
Tuguegarao,153502,144.8,1060,49,CC,Cagayan,,,
Basud,41017,260.28,158,29,Mun,Camarines Norte,,,
Capalonga,32215,290,111,22,Mun,Camarines Norte,,,
Daet,104799,46,2278,25,Mun,Camarines Norte,,,
Jose Panganiban,59639,214.44,278,27,Mun,Camarines Norte,,,
Labo,101082,589.36,172,52,Mun,Camarines Norte,,,
Mercedes,50841,173.69,293,26,Mun,Camarines Norte,,,
Paracale,59149,197.9,299,27,Mun,Camarines Norte,,,
San Lorenzo Ruiz (Imelda),14063,119.37,118,12,Mun,Camarines Norte,,,
San Vicente,10396,57.49,181,9,Mun,Camarines Norte,,,
Santa Elena,40786,199.35,205,19,Mun,Camarines Norte,,,
Talisay,25841,30.76,840,15,Mun,Camarines Norte,,,
Vinzons,43485,141.43,307,19,Mun,Camarines Norte,,,
Baao,58849,106.63,552,30,Mun,Camarines Sur,,,
Balatan,30922,93.09,332,17,Mun,Camarines Sur,,,
Bato,52137,107.12,487,33,Mun,Camarines Sur,,,
Bombon,16512,28.73,575,8,Mun,Camarines Sur,,,
Buhi,77143,246.65,313,38,Mun,Camarines Sur,,,
Bula,69430,167.64,414,33,Mun,Camarines Sur,,,
Cabusao,18397,46.8,393,9,Mun,Camarines Sur,,,
Calabanga,83033,163.8,507,48,Mun,Camarines Sur,,,
Camaligan,24109,4.68,5151,13,Mun,Camarines Sur,,,
Canaman,34210,43.27,791,24,Mun,Camarines Sur,,,
Caramoan,47605,276,172,49,Mun,Camarines Sur,,,
Del Gallego,25397,208.31,122,32,Mun,Camarines Sur,,,
Gainza,11262,14.75,764,8,Mun,Camarines Sur,,,
Garchitorena,27010,243.8,111,23,Mun,Camarines Sur,,,
Goa,63308,206.18,307,34,Mun,Camarines Sur,,,
Iriga,111757,137.35,814,36,CC,Camarines Sur,,,
Lagonoy,55465,377.9,147,38,Mun,Camarines Sur,,,
Libmanan,108716,342.82,317,75,Mun,Camarines Sur,,,
Lupi,32167,199.12,162,38,Mun,Camarines Sur,,,
Magarao,25694,44.97,571,15,Mun,Camarines Sur,,,
Milaor,31150,33.64,926,20,Mun,Camarines Sur,,,
Minalabac,52390,126.1,415,25,Mun,Camarines Sur,,,
Nabua,83874,96.2,872,42,Mun,Camarines Sur,,,
Naga,196003,84.48,2320,27,ICC,Camarines Sur,,,
Ocampo,45934,118.33,388,25,Mun,Camarines Sur,,,
Pamplona,36390,80.6,451,17,Mun,Camarines Sur,,,
Pasacao,49035,149.54,328,19,Mun,Camarines Sur,,,
Pili,89545,126.25,709,26,Mun,Camarines Sur,,,
Presentacion (Parubcan),20996,143.8,146,18,Mun,Camarines Sur,,,
Ragay,58214,400.22,145,38,Mun,Camarines Sur,,,
Sagñay,34546,154.76,223,19,Mun,Camarines Sur,,,
San Fernando,35258,71.76,491,22,Mun,Camarines Sur,,,
San Jose,40623,43.07,943,29,Mun,Camarines Sur,,,
Sipocot,64855,243.43,266,46,Mun,Camarines Sur,,,
Siruma,17764,141.27,126,22,Mun,Camarines Sur,,,
Tigaon,55272,72.35,764,23,Mun,Camarines Sur,,,
Tinambac,67572,351.62,192,44,Mun,Camarines Sur,,,
Catarman,16798,53.75,313,14,Mun,Camiguin,,,
Guinsiliban,6281,18.52,339,7,Mun,Camiguin,,,
Mahinog,14038,32.55,431,13,Mun,Camiguin,,,
Mambajao,38735,89,435,15,Mun,Camiguin,,,
Sagay,12626,44.13,286,9,Mun,Camiguin,,,
Cuartero,27408,106.58,257,22,Mun,Capiz,,,
Dao,32496,88.64,367,20,Mun,Capiz,,,
Dumalag,29466,109.18,270,19,Mun,Capiz,,,
Dumarao,46157,232.56,198,33,Mun,Capiz,,,
Ivisan,29055,54.2,536,15,Mun,Capiz,,,
Jamindan,36677,412.03,89,30,Mun,Capiz,,,
Maayon,38416,142.32,270,32,Mun,Capiz,,,
Mambusao,39644,136.91,290,26,Mun,Capiz,,,
Panay,46114,116.37,396,42,Mun,Capiz,,,
Panitan,40289,89.88,448,26,Mun,Capiz,,,
Pilar,45287,77.99,581,24,Mun,Capiz,,,
Pontevedra,46428,130.9,355,26,Mun,Capiz,,,
President Roxas,29676,77.88,381,22,Mun,Capiz,,,
Roxas City,167003,95.07,1757,47,CC,Capiz,,,
Sapian,25821,105.24,245,10,Mun,Capiz,,,
Sigma,30134,101.71,296,21,Mun,Capiz,,,
Tapaz,51313,517.18,99,58,Mun,Capiz,,,
Bagamanoc,11551,80.74,143,18,Mun,Catanduanes,,,
Baras,12848,109.5,117,29,Mun,Catanduanes,,,
Bato,21279,48.62,438,27,Mun,Catanduanes,,,
Caramoran,30056,263.74,114,27,Mun,Catanduanes,,,
Gigmoto,8368,181.82,46,9,Mun,Catanduanes,,,
Pandan,20516,119.9,171,26,Mun,Catanduanes,,,
Panganiban (Payo),9287,79.96,116,23,Mun,Catanduanes,,,
San Andres (Calolbon),36779,167.31,220,38,Mun,Catanduanes,,,
San Miguel,15006,129.94,115,24,Mun,Catanduanes,,,
Viga,21624,158.23,137,31,Mun,Catanduanes,,,
Virac,73650,152.4,483,63,Mun,Catanduanes,,,
Alfonso,51839,66.58,779,32,Mun,Cavite,,,
Amadeo,37649,36.92,1020,26,Mun,Cavite,,,
Bacoor,600609,46.17,13009,73,CC,Cavite,,,
Carmona,97557,30.92,3155,14,Mun,Cavite,,,
Cavite City,102806,10.89,9440,84,CC,Cavite,,,
Dasmariñas,659019,90.13,7312,75,CC,Cavite,,,
General Emilio Aguinaldo,22220,9.4,2364,14,Mun,Cavite,,,
General Mariano Alvarez,155143,11.4,13609,27,Mun,Cavite,,,
General Trias,314303,81.46,3858,33,CC,Cavite,,,
Imus,403785,171.66,2352,97,CC,Cavite,,,
Indang,65599,74.9,876,36,Mun,Cavite,,,
Kawit,83466,22.86,3651,23,Mun,Cavite,,,
Magallanes,22727,73.07,311,16,Mun,Cavite,,,
Maragondon,37720,164.61,229,27,Mun,Cavite,,,
Mendez (Mendez-Nuñez),31529,43.27,729,24,Mun,Cavite,,,
Naic,111454,76.24,1462,30,Mun,Cavite,,,
Noveleta,45846,16.43,2790,16,Mun,Cavite,,,
Rosario,110706,38.16,2901,20,Mun,Cavite,,,
Silang,248085,209.43,1185,64,Mun,Cavite,,,
Tagaytay,71181,65,1095,34,CC,Cavite,,,
Tanza,226188,95.59,2366,41,Mun,Cavite,,,
Ternate,23157,59.93,386,10,Mun,Cavite,,,
Trece Martires,155713,39.1,3982,13,CC,Cavite,,,
Alcantara,15160,35.2,431,9,Mun,Cebu,,,
Alcoy,16979,61.63,275,8,Mun,Cebu,,,
Alegria,23300,89.49,260,9,Mun,Cebu,,,
Aloguinsan,32100,61.92,518,15,Mun,Cebu,,,
Argao,72366,191.5,378,45,Mun,Cebu,,,
Asturias,47857,190.45,251,27,Mun,Cebu,,,
Badian,37912,110.07,344,29,Mun,Cebu,,,
Balamban,87177,333.56,261,28,Mun,Cebu,,,
Bantayan,79084,81.68,968,25,Mun,Cebu,,,
Barili,73862,122.21,604,42,Mun,Cebu,,,
Bogo,78120,103.52,755,29,CC,Cebu,,,
Boljoon,16344,117,140,11,Mun,Cebu,,,
Borbon,35526,120.94,294,19,Mun,Cebu,,,
Carcar,119664,116.78,1025,15,CC,Cebu,,,
Carmen,51325,84.78,605,21,Mun,Cebu,,,
Catmon,30471,109.64,278,20,Mun,Cebu,,,
Cebu City,922611,315,2929,80,HUC,Cebu,,,
Compostela,47898,53.9,889,17,Mun,Cebu,,,
Consolacion,131528,37.03,894,21,Mun,Cebu,,,
Cordova,59712,17.15,3482,13,Mun,Cebu,,,
Daanbantayan,84430,92.27,915,20,Mun,Cebu,,,
Dalaguete,67497,154.96,436,33,Mun,Cebu,,,
Danao,136471,107.3,1272,42,CC,Cebu,,,
Dumanjug,51210,85.53,599,37,Mun,Cebu,,,
Ginatilan,15919,70.1,227,14,Mun,Cebu,,,
Lapu-Lapu (Opon),408112,58.1,7024,30,HUC,Cebu,,,
Liloan,118753,45.92,2586,14,Mun,Cebu,,,
Madridejos,36429,23.95,1521,14,Mun,Cebu,,,
Malabuyoc,19373,69.27,280,14,Mun,Cebu,,,
Mandaue,362654,25.18,14402,27,HUC,Cebu,,,
Medellin,55332,73.19,756,19,Mun,Cebu,,,
Minglanilla,132135,65.6,2014,19,Mun,Cebu,,,
Moalboal,31130,124.86,249,15,Mun,Cebu,,,
Naga,115750,101.97,1135,28,CC,Cebu,,,
Oslob,27893,134.75,207,21,Mun,Cebu,,,
Pilar,11308,32.42,349,13,Mun,Cebu,,,
Pinamungajan,65955,109.16,604,26,Mun,Cebu,,,
Poro,25212,63.59,396,17,Mun,Cebu,,,
Ronda,20360,57.1,357,14,Mun,Cebu,,,
Samboan,20884,45.16,462,15,Mun,Cebu,,,
San Fernando,66280,69.39,955,21,Mun,Cebu,,,
San Francisco,55180,106.93,516,15,Mun,Cebu,,,
San Remigio,57557,95.27,604,27,Mun,Cebu,,,
Santa Fe,28603,28.05,1020,10,Mun,Cebu,,,
Santander,17857,29.53,605,10,Mun,Cebu,,,
Sibonga,48186,133.45,361,25,Mun,Cebu,,,
Sogod,35108,119.23,294,18,Mun,Cebu,,,
Tabogon,39013,101.35,385,25,Mun,Cebu,,,
Tabuelan,25630,141.13,182,12,Mun,Cebu,,,
Talisay,227645,39.87,5710,22,CC,Cebu,,,
Toledo,170335,216.28,788,38,CC,Cebu,,,
Tuburan,63866,224.5,284,54,Mun,Cebu,,,
Tudela,11296,33.02,342,11,Mun,Cebu,,,
Alamada,64596,787.5,82,17,Mun,Cotabato,,,
Aleosan,39405,225.44,175,19,Mun,Cotabato,,,
Antipas,25304,552.5,46,13,Mun,Cotabato,,,
Arakan,48228,693.22,70,28,Mun,Cotabato,,,
Banisilan,43677,577.22,76,20,Mun,Cotabato,,,
Carmen,95921,1110.43,86,28,Mun,Cotabato,,,
Kabacan,89161,448.09,199,24,Mun,Cotabato,,,
Kidapawan,140195,358.47,391,40,CC,Cotabato,,,
Libungan,48768,172.5,283,20,Mun,Cotabato,,,
M'lang,95070,312.13,305,37,Mun,Cotabato,,,
Magpet,49201,755.36,65,32,Mun,Cotabato,,,
Makilala,83851,343.57,244,38,Mun,Cotabato,,,
Matalam,79361,476,17,34,Mun,Cotabato,,,
Midsayap,151684,290.42,522,57,Mun,Cotabato,,,
Pigcawayan,66796,340.11,196,40,Mun,Cotabato,,,
Pikit,154441,604.61,255,42,Mun,Cotabato,,,
President Roxas,47575,618.25,77,25,Mun,Cotabato,,,
Tulunan,56513,343.08,165,29,Mun,Cotabato,,,
Compostela,87474,287,305,16,Mun,Davao de Oro,,,
Laak (San Vicente),73874,768,96,40,Mun,Davao de Oro,,,
Mabini (Doña Alicia),41102,400,103,11,Mun,Davao de Oro,,,
Maco,81277,342.23,237,37,Mun,Davao de Oro,,,
Maragusan (San Mariano),60842,394.27,154,24,Mun,Davao de Oro,,,
Mawab,37065,136.1,272,11,Mun,Davao de Oro,,,
Monkayo,94908,609.61,156,21,Mun,Davao de Oro,,,
Montevista,43706,225,194,20,Mun,Davao de Oro,,,
Nabunturan,82234,231.3,356,28,Mun,Davao de Oro,,,
New Bataan,47726,553.15,86,16,Mun,Davao de Oro,,,
Pantukan,85899,533.11,161,13,Mun,Davao de Oro,,,
Asuncion (Saug),59322,297.39,199,20,Mun,Davao del Norte,,,
Braulio E. Dujali,30104,91,331,5,Mun,Davao del Norte,,,
Carmen,74679,166,45,20,Mun,Davao del Norte,,,
Kapalong,76334,830.01,92,14,Mun,Davao del Norte,,,
New Corella,54844,263.12,208,20,Mun,Davao del Norte,,,
Panabo,184599,251.23,735,40,CC,Davao del Norte,,,
Samal,104123,301.3,346,46,CC,Davao del Norte,,,
San Isidro,26651,152.49,175,13,Mun,Davao del Norte,,,
Santo Tomas,118750,221.8,535,19,Mun,Davao del Norte,,,
Tagum,259444,195.8,1325,23,CC,Davao del Norte,,,
Talaingod,27482,656.83,42,3,Mun,Davao del Norte,,,
Bansalan,60440,157.75,383,25,Mun,Davao del Sur,,,
Davao City,1632991,2443.61,593,182,HUC,Davao del Sur,,,
Digos,169393,287.1,590,26,CC,Davao del Sur,,,
Hagonoy,53309,114.28,466,21,Mun,Davao del Sur,,,
Kiblawan,48897,390.07,125,30,Mun,Davao del Sur,,,
Magsaysay,53876,268.09,201,22,Mun,Davao del Sur,,,
Malalag,38731,186.12,208,15,Mun,Davao del Sur,,,
Matanao,56755,202.4,280,33,Mun,Davao del Sur,,,
Padada,26587,83,320,17,Mun,Davao del Sur,,,
Santa Cruz,90987,319.91,284,18,Mun,Davao del Sur,,,
Sulop,33613,155.26,216,25,Mun,Davao del Sur,,,
Don Marcelino,44554,407.3,109,15,Mun,Davao Occidental,,,
Jose Abad Santos (Trinidad),76332,600.06,127,26,Mun,Davao Occidental,,,
Malita,117746,883.37,133,30,Mun,Davao Occidental,,,
Santa Maria,53671,175,307,22,Mun,Davao Occidental,,,
Sarangani,24039,97.72,246,12,Mun,Davao Occidental,,,
Baganga,56241,945.5,59,18,Mun,Davao Oriental,,,
Banaybanay,41117,408.52,101,14,Mun,Davao Oriental,,,
Boston,13535,357.03,38,8,Mun,Davao Oriental,,,
Caraga,40379,642.7,63,17,Mun,Davao Oriental,,,
Cateel,40704,545.56,75,16,Mun,Davao Oriental,,,
Governor Generoso,55109,365.75,151,20,Mun,Davao Oriental,,,
Lupon,65785,886.39,74,21,Mun,Davao Oriental,,,
Manay,42690,418.36,102,17,Mun,Davao Oriental,,,
Mati,141141,588.63,240,26,CC,Davao Oriental,,,
San Isidro,36032,220.44,163,16,Mun,Davao Oriental,,,
Tarragona,26225,300.76,87,10,Mun,Davao Oriental,,,
Basilisa (Rizal),36880,92.68,398,27,Mun,Dinagat Islands,,,
Cagdianao,16808,249.48,67,14,Mun,Dinagat Islands,,,
Dinagat,10632,139.94,76,12,Mun,Dinagat Islands,,,
Libjo (Albor),17760,180.57,98,16,Mun,Dinagat Islands,,,
Loreto,9309,255.87,36,10,Mun,Dinagat Islands,,,
San Jose,27487,27.8,989,12,Mun,Dinagat Islands,,,
Tubajon,8276,90,92,9,Mun,Dinagat Islands,,,
Arteche,16026,169.82,94,20,Mun,Eastern Samar,,,
Balangiga,14085,190.05,74,13,Mun,Eastern Samar,,,
Balangkayan,10125,207.05,49,15,Mun,Eastern Samar,,,
Borongan,69297,475,146,61,CC,Eastern Samar,,,
Can-avid,21015,288.7,73,28,Mun,Eastern Samar,,,
Dolores,42866,308.58,139,46,Mun,Eastern Samar,,,
General MacArthur,14550,117.29,124,30,Mun,Eastern Samar,,,
Giporlos,13308,97.51,136,18,Mun,Eastern Samar,,,
Guiuan,52991,175.49,302,60,Mun,Eastern Samar,,,
Hernani,8573,49.42,173,13,Mun,Eastern Samar,,,
Jipapad,7885,234.8,34,13,Mun,Eastern Samar,,,
Lawaan,12742,162.56,78,16,Mun,Eastern Samar,,,
Llorente,20149,496.07,41,33,Mun,Eastern Samar,,,
Maslog,5407,249.8,22,12,Mun,Eastern Samar,,,
Maydolong,14743,399.63,37,20,Mun,Eastern Samar,,,
Mercedes,6070,23.32,260,16,Mun,Eastern Samar,,,
Oras,36540,188.7,194,42,Mun,Eastern Samar,,,
Quinapondan,14779,83.24,178,25,Mun,Eastern Samar,,,
Salcedo,22532,113.8,198,41,Mun,Eastern Samar,,,
San Julian,14498,150.62,96,16,Mun,Eastern Samar,,,
San Policarpo,14687,78,188,17,Mun,Eastern Samar,,,
Sulat,15377,169.75,91,18,Mun,Eastern Samar,,,
Taft,18915,231.27,82,24,Mun,Eastern Samar,,,
Buenavista,50437,128.26,393,36,Mun,Guimaras,,,
Jordan,36096,126.11,286,14,Mun,Guimaras,,,
Nueva Valencia,39810,137.12,290,22,Mun,Guimaras,,,
San Lorenzo,26112,93.04,281,12,Mun,Guimaras,,,
Sibunag,22158,120.04,185,14,Mun,Guimaras,,,
Aguinaldo,19408,538.05,36,16,Mun,Ifugao,,,
Alfonso Lista (Potia),32119,347.46,92,20,Mun,Ifugao,,,
Asipulo,15261,182.87,83,9,Mun,Ifugao,,,
Banaue,21837,191.2,114,18,Mun,Ifugao,,,
Hingyon,9227,62.02,149,12,Mun,Ifugao,,,
Hungduan,9400,260.3,36,9,Mun,Ifugao,,,
Kiangan,17048,200,85,14,Mun,Ifugao,,,
Lagawe,19333,208.91,93,20,Mun,Ifugao,,,
Lamut,25279,159.65,158,18,Mun,Ifugao,,,
Mayoyao,17331,238.05,73,27,Mun,Ifugao,,,
Tinoc,16559,239.7,69,12,Mun,Ifugao,,,
Adams,1792,159.31,11,1,Mun,Ilocos Norte,,,
Bacarra,32215,65.32,493,43,Mun,Ilocos Norte,,,
Badoc,31616,76.68,412,31,Mun,Ilocos Norte,,,
Bangui,14672,112.98,130,14,Mun,Ilocos Norte,,,
Banna (Espiritu),19438,92.73,210,20,Mun,Ilocos Norte,,,
Batac,55201,161.06,343,43,CC,Ilocos Norte,,,
Burgos,9777,128.9,76,11,Mun,Ilocos Norte,,,
Carasi,1567,82.97,19,3,Mun,Ilocos Norte,,,
Currimao,12184,34.08,358,23,Mun,Ilocos Norte,,,
Dingras,38562,96,402,31,Mun,Ilocos Norte,,,
Dumalneg,2947,88.48,33,2,Mun,Ilocos Norte,,,
Laoag,111125,116.08,957,80,CC,Ilocos Norte,,,
Marcos,17777,72.77,244,13,Mun,Ilocos Norte,,,
Nueva Era,9506,515.02,18,11,Mun,Ilocos Norte,,,
Pagudpud,23770,194.9,122,16,Mun,Ilocos Norte,,,
Paoay,24866,76.24,326,31,Mun,Ilocos Norte,,,
Pasuquin,28980,210.54,138,33,Mun,Ilocos Norte,,,
Piddig,21497,216.2,99,23,Mun,Ilocos Norte,,,
Pinili,17300,89.48,193,25,Mun,Ilocos Norte,,,
San Nicolas,36736,40.18,914,24,Mun,Ilocos Norte,,,
Sarrat,25212,57.39,439,24,Mun,Ilocos Norte,,,
Solsona,24121,166.23,145,22,Mun,Ilocos Norte,,,
Vintar,32220,614.35,52,33,Mun,Ilocos Norte,,,
Alilem,6695,119.33,56,9,Mun,Ilocos Sur,,,
Banayoyo,7748,24.63,315,14,Mun,Ilocos Sur,,,
Bantay,35731,76.6,466,34,Mun,Ilocos Sur,,,
Burgos,12224,44.38,275,26,Mun,Ilocos Sur,,,
Cabugao,37501,95.56,392,33,Mun,Ilocos Sur,,,
Candon,60623,103.28,587,42,CC,Ilocos Sur,,,
Caoayan,19861,17.42,1140,17,Mun,Ilocos Sur,,,
Cervantes,17211,234.7,73,13,Mun,Ilocos Sur,,,
Galimuyod,10748,34.4,312,24,Mun,Ilocos Sur,,,
Gregorio del Pilar (Concepcion),4875,41.66,117,7,Mun,Ilocos Sur,,,
Lidlidda,4647,33.84,137,11,Mun,Ilocos Sur,,,
Magsingal,30792,84.98,362,30,Mun,Ilocos Sur,,,
Nagbukel,5259,43.12,122,12,Mun,Ilocos Sur,,,
Narvacan,44006,122.21,360,34,Mun,Ilocos Sur,,,
Quirino (Angkaki),8573,240.1,36,9,Mun,Ilocos Sur,,,
Salcedo (Baugen),11288,103.44,109,21,Mun,Ilocos Sur,,,
San Emilio,7407,141.44,52,8,Mun,Ilocos Sur,,,
San Esteban,8349,19.62,426,10,Mun,Ilocos Sur,,,
San Ildefonso,7787,11.35,686,15,Mun,Ilocos Sur,,,
San Juan (Lapog),26411,64.37,410,32,Mun,Ilocos Sur,,,
San Vicente,12758,12.6,1013,7,Mun,Ilocos Sur,,,
Santa,15340,109.1,141,26,Mun,Ilocos Sur,,,
Santa Catalina,13945,9.68,1441,9,Mun,Ilocos Sur,,,
Santa Cruz,39868,88.78,449,49,Mun,Ilocos Sur,,,
Santa Lucia,25402,49.72,511,36,Mun,Ilocos Sur,,,
Santa Maria,30321,63.31,479,33,Mun,Ilocos Sur,,,
Santiago,18759,46.36,405,24,Mun,Ilocos Sur,,,
Santo Domingo,27975,55.49,504,36,Mun,Ilocos Sur,,,
Sigay,2737,81.55,34,7,Mun,Ilocos Sur,,,
Sinait,25640,65.56,391,44,Mun,Ilocos Sur,,,
Sugpon,4585,57.11,80,6,Mun,Ilocos Sur,,,
Suyo,11446,124,92,8,Mun,Ilocos Sur,,,
Tagudin,39277,151.19,260,43,Mun,Ilocos Sur,,,
Vigan,53879,25.12,2145,39,CC,Ilocos Sur,,,
Ajuy,52268,175.57,298,34,Mun,Iloilo,,,
Alimodian,38408,144.82,265,51,Mun,Iloilo,,,
Anilao,28684,100.31,286,21,Mun,Iloilo,,,
Badiangan,27005,77.5,348,31,Mun,Iloilo,,,
Balasan,33088,54.27,610,23,Mun,Iloilo,,,
Banate,32532,102.89,316,18,Mun,Iloilo,,,
Barotac Nuevo,54146,94.49,573,29,Mun,Iloilo,,,
Barotac Viejo,45808,185.78,247,26,Mun,Iloilo,,,
Batad,21298,53.1,401,24,Mun,Iloilo,,,
Bingawan,15199,85.2,178,14,Mun,Iloilo,,,
Cabatuan,58442,112.9,518,68,Mun,Iloilo,,,
Calinog,60413,274.55,220,59,Mun,Iloilo,,,
Carles,68160,104.05,655,33,Mun,Iloilo,,,
Concepcion,43159,86.12,501,25,Mun,Iloilo,,,
Dingle,45335,98.37,461,33,Mun,Iloilo,,,
Dueñas,34242,90.52,378,47,Mun,Iloilo,,,
Dumangas,69108,128.7,537,45,Mun,Iloilo,,,
Estancia,48546,29.38,1652,25,Mun,Iloilo,,,
Guimbal,33820,44.61,758,33,Mun,Iloilo,,,
Igbaras,32004,148.72,215,46,Mun,Iloilo,,,
Iloilo City,447992,78.34,5719,180,HUC,Iloilo,,,
Janiuay,63905,179.1,357,60,Mun,Iloilo,,,
Lambunao,73640,407.09,181,73,Mun,Iloilo,,,
Leganes,32480,32.2,1009,18,Mun,Iloilo,,,
Lemery,30851,119.9,257,31,Mun,Iloilo,,,
Leon,49875,140.2,356,85,Mun,Iloilo,,,
Maasin,36922,128.59,287,50,Mun,Iloilo,,,
Miagao,67565,156.8,431,119,Mun,Iloilo,,,
Mina,23546,43.4,543,22,Mun,Iloilo,,,
New Lucena,23240,44.1,527,21,Mun,Iloilo,,,
Oton,89115,86.44,1031,37,Mun,Iloilo,,,
Passi,80544,251.39,320,51,CC,Iloilo,,,
Pavia,55603,27.15,2048,18,Mun,Iloilo,,,
Pototan,75070,97.1,773,50,Mun,Iloilo,,,
San Dionisio,38775,127.06,305,29,Mun,Iloilo,,,
San Enrique,33911,110.28,307,28,Mun,Iloilo,,,
San Joaquin,51892,234.84,221,85,Mun,Iloilo,,,
San Miguel,27686,31.97,866,24,Mun,Iloilo,,,
San Rafael,16532,67.05,247,9,Mun,Iloilo,,,
Santa Barbara,60215,131.96,456,60,Mun,Iloilo,,,
Sara,52631,169.02,311,42,Mun,Iloilo,,,
Tigbauan,62706,83.68,749,52,Mun,Iloilo,,,
Tubungan,22449,85.18,264,48,Mun,Iloilo,,,
Zarraga,25605,54.48,470,24,Mun,Iloilo,,,
Alicia,71504,154.1,464,34,Mun,Isabela,,,
Angadanan,43061,204.4,211,59,Mun,Isabela,,,
Aurora,35017,115.56,303,33,Mun,Isabela,,,
Benito Soliven,29624,184.4,161,29,Mun,Isabela,,,
Burgos,23784,73.1,325,14,Mun,Isabela,,,
Cabagan,50174,430.4,117,26,Mun,Isabela,,,
Cabatuan,39413,72,547,22,Mun,Isabela,,,
Cauayan,129523,336.4,385,65,CC,Isabela,,,
Cordon,42926,144,298,26,Mun,Isabela,,,
Delfin Albano (Magsaysay),26614,189,141,29,Mun,Isabela,,,
Dinapigue,5005,574.4,9,6,Mun,Isabela,,,
Divilacan,5687,889.49,6,12,Mun,Isabela,,,
Echague,79094,680.8,116,64,Mun,Isabela,,,
Gamu,29904,129.4,231,16,Mun,Isabela,,,
Ilagan,145568,1166.26,125,91,CC,Isabela,,,
Jones,45666,670.14,68,42,Mun,Isabela,,,
Luna,19326,45.7,423,19,Mun,Isabela,,,
Maconacon,4253,538.66,8,10,Mun,Isabela,,,
Mallig,30459,133.4,228,18,Mun,Isabela,,,
Naguilian,31902,169.81,188,25,Mun,Isabela,,,
Palanan,17260,880.24,20,17,Mun,Isabela,,,
Quezon,25860,189.9,136,15,Mun,Isabela,,,
Quirino,24501,126.2,194,21,Mun,Isabela,,,
Ramon,52707,135.17,390,19,Mun,Isabela,,,
Reina Mercedes,26998,57.14,472,20,Mun,Isabela,,,
Roxas,61773,184.8,334,26,Mun,Isabela,,,
San Agustin,22880,278.4,82,23,Mun,Isabela,,,
San Guillermo,20200,325.49,62,26,Mun,Isabela,,,
San Isidro,24861,71.9,346,13,Mun,Isabela,,,
San Manuel (Callang),31896,112.77,283,19,Mun,Isabela,,,
San Mariano,55370,1469.5,38,36,Mun,Isabela,,,
San Mateo,64505,120.6,535,33,Mun,Isabela,,,
San Pablo,25384,637.9,40,17,Mun,Isabela,,,
Santa Maria,25382,140,181,20,Mun,Isabela,,,
Santiago,134830,255.5,528,37,ICC,Isabela,,,
Santo Tomas,23005,60.7,379,27,Mun,Isabela,,,
Tumauini,67650,467.3,145,46,Mun,Isabela,,,
Balbalan,12195,542.69,22,14,Mun,Kalinga,,,
Lubuagan,8733,234.2,37,9,Mun,Kalinga,,,
Pasil,9644,189,51,14,Mun,Kalinga,,,
Pinukpuk,32026,743.56,43,23,Mun,Kalinga,,,
Rizal (Liwan),17038,231,74,14,Mun,Kalinga,,,
Tabuk,110642,700.25,158,42,CC,Kalinga,,,
Tanudan,9534,307.55,31,16,Mun,Kalinga,,,
Tinglayan,12868,283,45,20,Mun,Kalinga,,,
Agoo,63692,52.84,1205,49,Mun,La Union,,,
Aringay,47458,84.54,561,24,Mun,La Union,,,
Bacnotan,42078,76.6,549,47,Mun,La Union,,,
Bagulin,13456,107.33,125,10,Mun,La Union,,,
Balaoan,39188,68.7,570,36,Mun,La Union,,,
Bangar,35947,37.36,962,33,Mun,La Union,,,
Bauang,75032,73.15,1026,39,Mun,La Union,,,
Burgos,8067,70.8,114,12,Mun,La Union,,,
Caba,22039,46.31,476,17,Mun,La Union,,,
Luna,35802,42.9,835,40,Mun,La Union,,,
Naguilian,54221,104.6,518,37,Mun,La Union,,,
Pugo,19690,62.84,313,14,Mun,La Union,,,
Rosario,55458,73.98,750,33,Mun,La Union,,,
San Fernando,121812,102.72,1186,59,CC,La Union,,,
San Gabriel,18172,129.87,140,15,Mun,La Union,,,
San Juan,37188,57.12,651,41,Mun,La Union,,,
Santo Tomas,39092,64,611,24,Mun,La Union,,,
Santol,12476,93.7,133,11,Mun,La Union,,,
Sudipen,17056,97.59,175,17,Mun,La Union,,,
Tubao,28729,50.75,566,18,Mun,La Union,,,
Alaminos,47859,57.46,833,15,Mun,Laguna,,,
Bay,62143,42.66,1457,15,Mun,Laguna,,,
Biñan,333028,43.5,7656,24,CC,Laguna,,,
Cabuyao,308745,43.3,7130,18,CC,Laguna,,,
Calamba,454486,149.5,3040,54,CC,Laguna,,,
Calauan,80453,65.4,1230,17,Mun,Laguna,,,
Cavinti,21702,203.58,107,19,Mun,Laguna,,,
Famy,16587,53.06,313,20,Mun,Laguna,,,
Kalayaan,23269,46.6,499,3,Mun,Laguna,,,
Liliw,36582,39.1,936,33,Mun,Laguna,,,
Los Baños,112008,54.22,2066,14,Mun,Laguna,,,
Luisiana,19720,73.31,269,23,Mun,Laguna,,,
Lumban,30652,40.53,756,16,Mun,Laguna,,,
Mabitac,20530,80.76,254,15,Mun,Laguna,,,
Magdalena,25266,34.88,724,24,Mun,Laguna,,,
Majayjay,27792,69.58,399,40,Mun,Laguna,,,
Nagcarlan,63057,78.1,807,52,Mun,Laguna,,,
Paete,25096,55.02,456,9,Mun,Laguna,,,
Pagsanjan,42164,26.36,1600,16,Mun,Laguna,,,
Pakil,20659,46.5,444,13,Mun,Laguna,,,
Pangil,24274,45.03,539,8,Mun,Laguna,,,
Pila,50289,31.2,1612,17,Mun,Laguna,,,
Rizal,17253,27.9,618,11,Mun,Laguna,,,
San Pablo,266068,197.56,1347,80,CC,Laguna,,,
San Pedro,325809,24.05,13547,27,CC,Laguna,,,
Santa Cruz,117605,38.59,3048,26,Mun,Laguna,,,
Santa Maria,30830,108.4,284,25,Mun,Laguna,,,
Santa Rosa,353767,54.84,6451,18,CC,Laguna,,,
Siniloan,38067,64.51,590,20,Mun,Laguna,,,
Victoria,39321,22.35,1759,9,Mun,Laguna,,,
Bacolod,23034,104.1,221,16,Mun,Lanao del Norte,,,
Baloi,58383,90.98,642,21,Mun,Lanao del Norte,,,
Baroy,22600,72.35,312,23,Mun,Lanao del Norte,,,
Iligan,342618,813.37,397,44,HUC,Lanao del Norte,,,
Kapatagan,62853,242.89,259,33,Mun,Lanao del Norte,,,
Kauswagan,26278,60.37,435,13,Mun,Lanao del Norte,,,
Kolambugan,27005,134.55,201,26,Mun,Lanao del Norte,,,
Lala,67727,140.25,483,27,Mun,Lanao del Norte,,,
Linamon,20341,76.38,266,8,Mun,Lanao del Norte,,,
Magsaysay,19019,151.83,125,24,Mun,Lanao del Norte,,,
Maigo,21666,121.45,178,13,Mun,Lanao del Norte,,,
Matungao,13975,45.74,306,12,Mun,Lanao del Norte,,,
Munai,32973,197.5,167,26,Mun,Lanao del Norte,,,
Nunungan,18367,473.28,39,25,Mun,Lanao del Norte,,,
Pantao Ragat,27866,124.3,224,20,Mun,Lanao del Norte,,,
Pantar,21773,70.4,309,21,Mun,Lanao del Norte,,,
Poona Piagapo,27018,260.07,104,26,Mun,Lanao del Norte,,,
Salvador,31845,113.99,279,25,Mun,Lanao del Norte,,,
Sapad,21309,140.03,152,17,Mun,Lanao del Norte,,,
Sultan Naga Dimaporo (Karomatan),56764,230.99,246,37,Mun,Lanao del Norte,,,
Tagoloan,13253,69.7,190,7,Mun,Lanao del Norte,,,
Tangcal,15181,178.62,85,18,Mun,Lanao del Norte,,,
Tubod,47165,246.8,191,24,Mun,Lanao del Norte,,,
Amai Manabilang (Bumbaran),10401,544.1,19,17,Mun,Lanao del Sur,,,
Bacolod-Kalawi (Bacolod-Grande),20841,491.57,42,26,Mun,Lanao del Sur,,,
Balabagan,26819,230,117,27,Mun,Lanao del Sur,,,
Balindong (Watu),29180,453.94,64,38,Mun,Lanao del Sur,,,
Bayang,23965,230,104,49,Mun,Lanao del Sur,,,
Binidayan,22079,280,79,26,Mun,Lanao del Sur,,,
Buadiposo-Buntong,16130,215,75,33,Mun,Lanao del Sur,,,
Bubong,22336,798.5,28,36,Mun,Lanao del Sur,,,
Butig,19302,331.49,58,16,Mun,Lanao del Sur,,,
Calanogas,13750,195,71,17,Mun,Lanao del Sur,,,
Ditsaan-Ramain,22299,527.98,42,35,Mun,Lanao del Sur,,,
Ganassi,23016,256,90,32,Mun,Lanao del Sur,,,
Kapai,18894,398.5,47,20,Mun,Lanao del Sur,,,
Kapatagan,15521,288.13,54,15,Mun,Lanao del Sur,,,
Lumba-Bayabao (Maguing),36151,640.02,56,38,Mun,Lanao del Sur,,,
Lumbaca-Unayan,7260,42.28,172,9,Mun,Lanao del Sur,,,
Lumbatan,19105,158.39,121,21,Mun,Lanao del Sur,,,
Lumbayanague,16372,302.18,54,22,Mun,Lanao del Sur,,,
Madalum,23127,498.39,46,37,Mun,Lanao del Sur,,,
Madamba,17756,225,79,24,Mun,Lanao del Sur,,,
Maguing,24531,815.04,30,34,Mun,Lanao del Sur,,,
Malabang,43957,198.1,222,37,Mun,Lanao del Sur,,,
Marantao,32974,660,50,34,Mun,Lanao del Sur,,,
Marawi,201785,87.55,2305,96,CC,Lanao del Sur,,,
Marogong,21319,365,58,24,Mun,Lanao del Sur,,,
Masiu,29176,170,172,35,Mun,Lanao del Sur,,,
Mulondo,16067,458.67,35,26,Mun,Lanao del Sur,,,
Pagayawan (Tatarikan),13139,218,60,18,Mun,Lanao del Sur,,,
Piagapo,25440,340.07,75,37,Mun,Lanao del Sur,,,
Picong (Sultan Gumander),16615,280,59,19,Mun,Lanao del Sur,,,
Poona Bayabao (Gata),22227,242.34,92,25,Mun,Lanao del Sur,,,
Pualas,12866,182.89,70,23,Mun,Lanao del Sur,,,
Saguiaran,24619,51.35,479,30,Mun,Lanao del Sur,,,
Sultan Dumalondong,11298,275.8,41,7,Mun,Lanao del Sur,,,
Tagoloan II,11169,362.35,31,19,Mun,Lanao del Sur,,,
Tamparan,25874,170,152,44,Mun,Lanao del Sur,,,
Taraka,23644,435.4,54,43,Mun,Lanao del Sur,,,
Tubaran,14749,435,34,21,Mun,Lanao del Sur,,,
Tugaya,23814,155.1,154,23,Mun,Lanao del Sur,,,
Wao,45862,485.24,95,26,Mun,Lanao del Sur,,,
Abuyog,59571,688.25,87,63,Mun,Leyte,,,
Alangalang,55235,150.54,367,54,Mun,Leyte,,,
Albuera,46332,303.35,153,16,Mun,Leyte,,,
Babatngon,27797,115.18,241,25,Mun,Leyte,,,
Barugo,32745,84.62,387,37,Mun,Leyte,,,
Bato,38356,72.45,529,32,Mun,Leyte,,,
Baybay,109432,459.34,238,92,CC,Leyte,,,
Burauen,52732,265.33,199,77,Mun,Leyte,,,
Calubian,31228,100.95,309,53,Mun,Leyte,,,
Capoocan,33617,185.4,181,21,Mun,Leyte,,,
Carigara,51345,117.86,436,49,Mun,Leyte,,,
Dagami,35147,161.65,217,65,Mun,Leyte,,,
Dulag,47300,110.7,427,45,Mun,Leyte,,,
Hilongos,63431,192.92,329,51,Mun,Leyte,,,
Hindang,20924,50.04,418,20,Mun,Leyte,,,
Inopacan,20550,94.62,217,20,Mun,Leyte,,,
Isabel,46915,64.01,733,24,Mun,Leyte,,,
Jaro,43199,207.19,208,46,Mun,Leyte,,,
Javier (Bugho),25379,152.7,166,28,Mun,Leyte,,,
Julita,15114,53.3,284,26,Mun,Leyte,,,
Kananga,56575,144.2,392,23,Mun,Leyte,,,
La Paz,19998,72.7,275,35,Mun,Leyte,,,
Leyte,40639,181.26,224,30,Mun,Leyte,,,
MacArthur,21211,57.57,368,31,Mun,Leyte,,,
Mahaplag,27823,104.79,266,28,Mun,Leyte,,,
Matag-ob,18373,104.4,176,21,Mun,Leyte,,,
Matalom,33121,132,251,30,Mun,Leyte,,,
Mayorga,17161,42.17,407,16,Mun,Leyte,,,
Merida,29863,95.21,314,22,Mun,Leyte,,,
Ormoc,215031,613.6,350,110,ICC,Leyte,,,
Palo,70052,221.27,317,33,Mun,Leyte,,,
Palompon,58108,126.07,461,50,Mun,Leyte,,,
Pastrana,18002,86.35,208,29,Mun,Leyte,,,
San Isidro,31641,122.5,258,19,Mun,Leyte,,,
San Miguel,19420,145.11,134,21,Mun,Leyte,,,
Santa Fe,20439,53.97,379,20,Mun,Leyte,,,
Tabango,34195,96.62,354,13,Mun,Leyte,,,
Tabontabon,11204,24.18,463,16,Mun,Leyte,,,
Tacloban,242089,201.72,1200,138,HUC,Leyte,,,
Tanauan,55021,78.41,702,54,Mun,Leyte,,,
Tolosa,20978,22.54,931,15,Mun,Leyte,,,
Tunga,7584,7.7,985,8,Mun,Leyte,,,
Villaba,41891,150.31,279,35,Mun,Leyte,,,
Ampatuan,24801,255.4,97,11,Mun,Maguindanao,,,
Barira,30004,392.61,76,14,Mun,Maguindanao,,,
Buldon,35282,429.4,82,15,Mun,Maguindanao,,,
Buluan,50008,699.5,71,7,Mun,Maguindanao,,,
Cotabato City,299438,176,1701,37,ICC,Maguindanao,,,
Datu Abdullah Sangki,23878,220,109,10,Mun,Maguindanao,,,
Datu Anggal Midtimbang,25016,85.43,293,7,Mun,Maguindanao,,,
Datu Blah T. Sinsuat,25024,147.21,170,13,Mun,Maguindanao,,,
Datu Hoffer Ampatuan,25012,461.1,54,11,Mun,Maguindanao,,,
Datu Montawal (Pagagawan),34820,461.1,76,11,Mun,Maguindanao,,,
Datu Odin Sinsuat (Dinaig),99210,461.8,215,34,Mun,Maguindanao,,,
Datu Paglas,28387,132.1,215,23,Mun,Maguindanao,,,
Datu Piang (Dulawan),25600,302.97,84,16,Mun,Maguindanao,,,
Datu Salibo,14947,22.56,643,17,Mun,Maguindanao,,,
Datu Saudi-Ampatuan,26427,60.16,439,8,Mun,Maguindanao,,,
Datu Unsay,11813,95.39,124,8,Mun,Maguindanao,,,
General Salipada K. Pendatun,28103,189.37,148,19,Mun,Maguindanao,,,
Guindulungan,19911,130.68,152,11,Mun,Maguindanao,,,
Kabuntalan (Tumbao),17276,371.08,47,17,Mun,Maguindanao,,,
Mamasapano,24800,85.31,291,14,Mun,Maguindanao,,,
Mangudadatu,25046,98.16,255,8,Mun,Maguindanao,,,
Matanog,29770,146.5,203,8,Mun,Maguindanao,,,
Northern Kabuntalan,25232,106.77,236,11,Mun,Maguindanao,,,
Pagalungan,39653,898.76,44,12,Mun,Maguindanao,,,
Paglat,15920,177.74,90,8,Mun,Maguindanao,,,
Pandag,25057,85.31,294,8,Mun,Maguindanao,,,
Parang,89194,850.78,105,25,Mun,Maguindanao,,,
Rajah Buayan,23652,71.98,329,11,Mun,Maguindanao,,,
Shariff Aguak (Maganoy),31692,392.7,81,13,Mun,Maguindanao,,,
Shariff Saydona Mustapha,19855,101,197,16,Mun,Maguindanao,,,
South Upi,40178,184.8,217,11,Mun,Maguindanao,,,
Sultan Kudarat (Nuling),95201,712.91,134,39,Mun,Maguindanao,,,
Sultan Mastura,22261,242.07,92,13,Mun,Maguindanao,,,
Sultan sa Barongis (Lambayong),22425,291.3,77,12,Mun,Maguindanao,,,
Sultan Sumagka (Talitay),14863,62.96,236,9,Mun,Maguindanao,,,
Talayan,30032,143.84,209,15,Mun,Maguindanao,,,
Upi,53583,742.95,72,23,Mun,Maguindanao,,,
Boac,54730,212.7,257,61,Mun,Marinduque,,,
Buenavista,23988,81.25,295,15,Mun,Marinduque,,,
Gasan,34828,100.88,345,25,Mun,Marinduque,,,
Mogpog,34043,108.06,315,37,Mun,Marinduque,,,
Santa Cruz,56408,270.77,208,55,Mun,Marinduque,,,
Torrijos,30524,178.92,171,25,Mun,Marinduque,,,
Aroroy,86168,440.3,196,41,Mun,Masbate,,,
Baleno,26096,204.38,128,24,Mun,Masbate,,,
Balud,38124,231,165,32,Mun,Masbate,,,
Batuan,15086,56.28,268,14,Mun,Masbate,,,
Cataingan,50327,191.64,263,36,Mun,Masbate,,,
Cawayan,67033,260.19,258,37,Mun,Masbate,,,
Claveria,43693,182.98,239,22,Mun,Masbate,,,
Dimasalang,26192,148.07,177,20,Mun,Masbate,,,
Esperanza,18568,67.49,275,20,Mun,Masbate,,,
Mandaon,41262,280.8,147,26,Mun,Masbate,,,
Masbate City,95389,188,507,30,CC,Masbate,,,
Milagros,57473,565.3,102,27,Mun,Masbate,,,
Mobo,38813,143.47,271,29,Mun,Masbate,,,
Monreal,26614,128.67,207,11,Mun,Masbate,,,
Palanas,26222,171.1,153,24,Mun,Masbate,,,
Pio V. Corpuz (Limbuhan),23236,89.33,260,18,Mun,Masbate,,,
Placer,55826,193.03,289,35,Mun,Masbate,,,
San Fernando,23057,77.5,298,26,Mun,Masbate,,,
San Jacinto,30372,122.4,248,21,Mun,Masbate,,,
San Pascual,46674,246.65,189,22,Mun,Masbate,,,
Uson,56168,163.2,344,35,Mun,Masbate,,,
Aloran,27625,118.06,234,38,Mun,Misamis Occidental,,,
Baliangao,17092,81.72,209,15,Mun,Misamis Occidental,,,
Bonifacio,32345,155.02,209,28,Mun,Misamis Occidental,,,
Calamba,21676,104.64,207,19,Mun,Misamis Occidental,,,
Clarin,37548,84.5,444,29,Mun,Misamis Occidental,,,
Concepcion,10937,61.6,178,18,Mun,Misamis Occidental,,,
Don Victoriano Chiongbian (Don Mariano Marcos),10183,284.6,36,11,Mun,Misamis Occidental,,,
Jimenez,27654,81.43,340,24,Mun,Misamis Occidental,,,
Lopez Jaena,25055,94.7,265,28,Mun,Misamis Occidental,,,
Oroquieta,70757,237.88,297,47,CC,Misamis Occidental,,,
Ozamiz,141828,169.95,835,51,CC,Misamis Occidental,,,
Panaon,10209,46.8,218,16,Mun,Misamis Occidental,,,
Plaridel,38900,80,486,33,Mun,Misamis Occidental,,,
Sapang Dalaga,19983,93.93,213,28,Mun,Misamis Occidental,,,
Sinacaban,18391,99.09,186,17,Mun,Misamis Occidental,,,
Tangub,63011,162.78,387,55,CC,Misamis Occidental,,,
Tudela,28932,98.52,294,33,Mun,Misamis Occidental,,,
Alubijid,29724,85.56,347,16,Mun,Misamis Oriental,,,
Balingasag,67059,147.11,456,30,Mun,Misamis Oriental,,,
Balingoan,11051,57.8,191,9,Mun,Misamis Oriental,,,
Binuangan,7515,30.43,247,8,Mun,Misamis Oriental,,,
Cagayan de Oro,675950,412.8,1637,80,HUC,Misamis Oriental,,,
Claveria,48906,579.63,84,24,Mun,Misamis Oriental,,,
El Salvador,50204,106.15,473,15,CC,Misamis Oriental,,,
Gingoog,124648,568.44,219,79,CC,Misamis Oriental,,,
Gitagum,16373,43.4,377,11,Mun,Misamis Oriental,,,
Initao,32370,111.27,291,16,Mun,Misamis Oriental,,,
Jasaan,54478,77.02,707,15,Mun,Misamis Oriental,,,
Kinoguitan,14391,42.56,338,15,Mun,Misamis Oriental,,,
Lagonglong,21659,83.78,259,10,Mun,Misamis Oriental,,,
Laguindingan,24405,44.23,552,11,Mun,Misamis Oriental,,,
Libertad,12354,22.47,550,9,Mun,Misamis Oriental,,,
Lugait,19758,27.45,720,8,Mun,Misamis Oriental,,,
Magsaysay (Linugos),34605,143.14,242,25,Mun,Misamis Oriental,,,
Manticao,28422,123.01,231,13,Mun,Misamis Oriental,,,
Medina,32907,148.29,222,19,Mun,Misamis Oriental,,,
Naawan,21213,88.5,240,10,Mun,Misamis Oriental,,,
Opol,61503,175.13,351,14,Mun,Misamis Oriental,,,
Salay,28705,92.79,309,18,Mun,Misamis Oriental,,,
Sugbongcogon,9226,26.5,348,10,Mun,Misamis Oriental,,,
Tagoloan,73150,117.73,621,10,Mun,Misamis Oriental,,,
Talisayan,24505,140.33,175,18,Mun,Misamis Oriental,,,
Villanueva,39378,48.8,807,11,Mun,Misamis Oriental,,,
Barlig,4819,228.64,21,11,Mun,Mountain Province,,,
Bauko,31065,153,203,22,Mun,Mountain Province,,,
Besao,7040,173.62,41,14,Mun,Mountain Province,,,
Bontoc,24643,396.1,62,16,Mun,Mountain Province,,,
Natonin,10272,252,41,11,Mun,Mountain Province,,,
Paracelis,28121,570.16,49,9,Mun,Mountain Province,,,
Sabangan,9315,72.04,129,15,Mun,Mountain Province,,,
Sadanga,8799,83.3,106,8,Mun,Mountain Province,,,
Sagada,11127,83.32,134,19,Mun,Mountain Province,,,
Tadian,19389,145.2,134,19,Mun,Mountain Province,,,
Caloocan,1583978,53.20,29774,188,HUC,"NCR, 3rd district",,,
Las Piñas,588894,32.02,18391,20,HUC,"NCR, 4th district",,,
Makati,582602,21.73,26811,33,HUC,"NCR, 4th district",,,
Malabon,365525,15.96,22903,21,HUC,"NCR, 3rd district",,,
Mandaluyong,386276,11.06,34925,27,HUC,"NCR, 2nd district",,,
Manila,1780148,42.88,41515,897,HUC,"NCR, City of Manila, 1st district",,,
Marikina,450741,22.64,19909,16,HUC,"NCR, 2nd district",,,
Muntinlupa,504509,41.67,12107,9,HUC,"NCR, 4th district",,,
Navotas,249463,11.51,21674,14,HUC,"NCR, 3rd district",,,
Parañaque,665822,47.28,14083,16,HUC,"NCR, 4th district",,,
Pasay,416522,18.64,22346,201,HUC,"NCR, 4th district",,,
Pasig,755300,31.46,24008,30,HUC,"NCR, 2nd district",,,
Pateros,63840,1.76,36273,10,Mun,"NCR, 4th district",,,
Quezon City,2936116,165.33,17759,142,HUC,"NCR, 2nd district",,,
San Juan,122180,5.87,20814,21,HUC,"NCR, 2nd district",,,
Taguig,804915,45.18,17816,28,HUC,"NCR, 4th district",,,
Valenzuela,620422,45.75,13561,33,HUC,"NCR, 3rd district",,,
Bacolod,561875,162.67,3454,61,HUC,Negros Occidental,,,
Bago,170981,401.2,426,24,CC,Negros Occidental,,,
Binalbagan,67270,189.96,354,16,Mun,Negros Occidental,,,
Cadiz,154723,524.57,295,22,CC,Negros Occidental,,,
Calatrava,80624,504.5,160,40,Mun,Negros Occidental,,,
Candoni,21789,191.7,114,9,Mun,Negros Occidental,,,
Cauayan,102165,520,196,25,Mun,Negros Occidental,,,
Enrique B. Magalona (Saravia),62921,113.25,556,23,Mun,Negros Occidental,,,
Escalante,94070,192.76,488,21,CC,Negros Occidental,,,
Himamaylan,106880,367.04,291,19,CC,Negros Occidental,,,
Hinigaran,85602,154.92,553,24,Mun,Negros Occidental,,,
Hinoba-an (Asia),56819,414.5,137,13,Mun,Negros Occidental,,,
Ilog,57389,281.7,204,15,Mun,Negros Occidental,,,
Isabela,62146,178.76,348,30,Mun,Negros Occidental,,,
Kabankalan,181977,697.35,261,32,CC,Negros Occidental,,,
La Carlota,64469,137.29,470,14,CC,Negros Occidental,,,
La Castellana,74855,185.22,404,13,Mun,Negros Occidental,,,
Manapla,54845,112.86,486,12,Mun,Negros Occidental,,,
Moises Padilla (Magallon),41386,144.1,287,15,Mun,Negros Occidental,,,
Murcia,81286,279.14,291,23,Mun,Negros Occidental,,,
Pontevedra,51866,112.5,461,20,Mun,Negros Occidental,,,
Pulupandan,27735,23,1206,20,Mun,Negros Occidental,,,
Sagay,146264,330.34,443,25,CC,Negros Occidental,,,
Salvador Benedicto,25662,170.5,151,7,Mun,Negros Occidental,,,
San Carlos,132536,451.5,294,18,CC,Negros Occidental,,,
San Enrique,23907,28.84,829,10,Mun,Negros Occidental,,,
Silay,126930,214.8,591,16,CC,Negros Occidental,,,
Sipalay,70070,379.78,185,17,CC,Negros Occidental,,,
Talisay,102214,201.18,508,27,CC,Negros Occidental,,,
Toboso,42114,117.33,359,9,Mun,Negros Occidental,,,
Valladolid,37833,48.03,788,16,Mun,Negros Occidental,,,
Victorias,87933,133.92,657,26,CC,Negros Occidental,,,
Amlan (Ayuquitan),23624,111.85,211,8,Mun,Negros Oriental,,,
Ayungon,46303,265.1,175,24,Mun,Negros Oriental,,,
Bacong,36527,40.3,906,22,Mun,Negros Oriental,,,
Bais,76291,319.64,239,35,CC,Negros Oriental,,,
Basay,26566,162,164,10,Mun,Negros Oriental,,,
Bayawan (Tulong),117900,699.08,169,28,CC,Negros Oriental,,,
Bindoy (Payabon),39819,173.7,229,22,Mun,Negros Oriental,,,
Canlaon,54509,170.93,319,12,CC,Negros Oriental,,,
Dauin,27786,114.1,244,23,Mun,Negros Oriental,,,
Dumaguete,131377,33.62,3908,30,CC,Negros Oriental,,,
Guihulngan,95969,388.56,247,33,CC,Negros Oriental,,,
Jimalalud,30945,139.5,222,28,Mun,Negros Oriental,,,
La Libertad,38602,139.6,277,29,Mun,Negros Oriental,,,
Mabinay,78864,319.44,247,32,Mun,Negros Oriental,,,
Manjuyod,42332,264.6,160,27,Mun,Negros Oriental,,,
Pamplona,37596,202.2,186,16,Mun,Negros Oriental,,,
San Jose,20413,54.46,375,14,Mun,Negros Oriental,,,
Santa Catalina,75756,523.1,145,22,Mun,Negros Oriental,,,
Siaton,77696,335.9,231,26,Mun,Negros Oriental,,,
Sibulan,59455,163,365,15,Mun,Negros Oriental,,,
Tanjay,80532,276.05,292,24,CC,Negros Oriental,,,
Tayasan,35470,154.2,230,28,Mun,Negros Oriental,,,
Valencia (Luzurriaga),34852,147.49,236,24,Mun,Negros Oriental,,,
Vallehermoso,38259,101.25,378,15,Mun,Negros Oriental,,,
Zamboanguita,27552,85.86,321,10,Mun,Negros Oriental,,,
Allen,25469,47.6,535,20,Mun,Northern Samar,,,
Biri,11767,24.62,478,8,Mun,Northern Samar,,,
Bobon,23668,130,182,18,Mun,Northern Samar,,,
Capul,12679,35.56,357,12,Mun,Northern Samar,,,
Catarman,94037,464.43,202,55,Mun,Northern Samar,,,
Catubig,33025,214.99,154,47,Mun,Northern Samar,,,
Gamay,23511,115.1,204,26,Mun,Northern Samar,,,
Laoang,61359,246.94,248,56,Mun,Northern Samar,,,
Lapinig,13020,57.3,227,15,Mun,Northern Samar,,,
Las Navas,37947,282.61,134,53,Mun,Northern Samar,,,
Lavezares,28770,119.5,241,26,Mun,Northern Samar,,,
Lope de Vega,14687,280,52,22,Mun,Northern Samar,,,
Mapanas,14025,117.85,119,13,Mun,Northern Samar,,,
Mondragon,38726,288.9,134,24,Mun,Northern Samar,,,
Palapag,34286,179.6,191,32,Mun,Northern Samar,,,
Pambujan,33062,163.9,202,26,Mun,Northern Samar,,,
Rosario,10520,31.6,333,11,Mun,Northern Samar,,,
San Antonio,9058,27,335,10,Mun,Northern Samar,,,
San Isidro,26650,255.9,104,14,Mun,Northern Samar,,,
San Jose,17561,29.85,588,16,Mun,Northern Samar,,,
San Roque,30580,152.98,200,16,Mun,Northern Samar,,,
San Vicente,7856,15.8,497,7,Mun,Northern Samar,,,
Silvino Lobos,15299,224.2,68,26,Mun,Northern Samar,,,
Victoria,14817,186.7,79,16,Mun,Northern Samar,,,
Aliaga,63543,90.04,706,26,Mun,Nueva Ecija,,,
Bongabon,64173,286.95,224,28,Mun,Nueva Ecija,,,
Cabanatuan,302231,192.29,1572,89,CC,Nueva Ecija,,,
Cabiao,79007,111.83,706,23,Mun,Nueva Ecija,,,
Carranglan,41131,705.31,58,17,Mun,Nueva Ecija,,,
Cuyapo,65039,215.73,301,51,Mun,Nueva Ecija,,,
Gabaldon (Bitulok & Sabani),35383,242.88,146,16,Mun,Nueva Ecija,,,
Gapan,110303,164.44,671,23,CC,Nueva Ecija,,,
General Mamerto Natividad,41656,118,353,20,Mun,Nueva Ecija,,,
General Tinio (Papaya),47865,533.08,90,13,Mun,Nueva Ecija,,,
Guimba,118655,245.29,484,64,Mun,Nueva Ecija,,,
Jaen,73184,85.46,856,27,Mun,Nueva Ecija,,,
Laur,35656,295.88,121,17,Mun,Nueva Ecija,,,
Licab,28254,67.37,419,11,Mun,Nueva Ecija,,,
Llanera,39701,114.44,347,22,Mun,Nueva Ecija,,,
Lupao,43788,121.33,361,24,Mun,Nueva Ecija,,,
Muñoz,81483,163.05,500,37,CC,Nueva Ecija,,,
Nampicuan,14954,52.6,284,21,Mun,Nueva Ecija,,,
Palayan,41041,101.4,405,19,CC,Nueva Ecija,,,
Pantabangan,29925,392.56,76,14,Mun,Nueva Ecija,,,
Peñaranda,29882,95,315,10,Mun,Nueva Ecija,,,
Quezon,40592,68.53,592,16,Mun,Nueva Ecija,,,
Rizal,64087,120.55,532,26,Mun,Nueva Ecija,,,
San Antonio,77836,153.56,507,16,Mun,Nueva Ecija,,,
San Isidro,51612,56.49,914,9,Mun,Nueva Ecija,,,
San Jose,139738,185.99,751,38,CC,Nueva Ecija,,,
San Leonardo,65299,151.9,430,15,Mun,Nueva Ecija,,,
Santa Rosa,69467,147.15,472,33,Mun,Nueva Ecija,,,
Santo Domingo,57943,74.88,774,24,Mun,Nueva Ecija,,,
Talavera,124829,140.92,886,53,Mun,Nueva Ecija,,,
Talugtug,23817,93.95,254,28,Mun,Nueva Ecija,,,
Zaragoza,49387,72.02,686,19,Mun,Nueva Ecija,,,
Alfonso Castañeda,7940,375.4,21,6,Mun,Nueva Vizcaya,,,
Ambaguio,15250,156.26,98,8,Mun,Nueva Vizcaya,,,
Aritao,37225,265.6,140,22,Mun,Nueva Vizcaya,,,
Bagabag,35501,183.9,193,17,Mun,Nueva Vizcaya,,,
Bambang,53433,345,155,25,Mun,Nueva Vizcaya,,,
Bayombong,61512,136,452,25,Mun,Nueva Vizcaya,,,
Diadi,18122,181.2,100,19,Mun,Nueva Vizcaya,,,
Dupax del Norte,27514,347.3,79,15,Mun,Nueva Vizcaya,,,
Dupax del Sur,19111,374.7,51,19,Mun,Nueva Vizcaya,,,
Kasibu,37705,318.8,118,30,Mun,Nueva Vizcaya,,,
Kayapa,23714,482.9,49,30,Mun,Nueva Vizcaya,,,
Quezon,21056,187.5,112,12,Mun,Nueva Vizcaya,,,
Santa Fe (Imugan),16180,399.81,40,16,Mun,Nueva Vizcaya,,,
Solano,59517,139.8,426,22,Mun,Nueva Vizcaya,,,
Villaverde (Ibung),18507,81.5,227,9,Mun,Nueva Vizcaya,,,
Abra de Ilog,31306,533.7,59,9,Mun,Occidental Mindoro,,,
Calintaan,29826,382.5,78,7,Mun,Occidental Mindoro,,,
Looc,10117,132.3,76,9,Mun,Occidental Mindoro,,,
Lubang,18803,113.1,166,16,Mun,Occidental Mindoro,,,
Magsaysay,36016,296.7,121,12,Mun,Occidental Mindoro,,,
Mamburao,42975,283.51,152,15,Mun,Occidental Mindoro,,,
Paluan,16025,564.5,28,12,Mun,Occidental Mindoro,,,
Rizal,38263,242.5,158,11,Mun,Occidental Mindoro,,,
Sablayan,83169,2188.8,38,22,Mun,Occidental Mindoro,,,
San Jose,143430,446.7,321,38,Mun,Occidental Mindoro,,,
Santa Cruz,37484,681.4,55,11,Mun,Occidental Mindoro,,,
Baco,37215,216.23,172,27,Mun,Oriental Mindoro,,,
Bansud,40992,343.47,119,13,Mun,Oriental Mindoro,,,
Bongabong,72073,498.2,145,36,Mun,Oriental Mindoro,,,
Bulalacao (San Pedro),39107,321.86,122,15,Mun,Oriental Mindoro,,,
Calapan,133893,250.06,535,62,CC,Oriental Mindoro,,,
Gloria,45073,245.52,184,27,Mun,Oriental Mindoro,,,
Mansalay,54533,446.62,122,17,Mun,Oriental Mindoro,,,
Naujan,102998,503.1,205,70,Mun,Oriental Mindoro,,,
Pinamalayan,86172,282.26,305,37,Mun,Oriental Mindoro,,,
Pola,34701,159.34,218,23,Mun,Oriental Mindoro,,,
Puerto Galera,36606,247.85,148,13,Mun,Oriental Mindoro,,,
Roxas,53201,85.26,624,20,Mun,Oriental Mindoro,,,
San Teodoro,17904,341,53,8,Mun,Oriental Mindoro,,,
Socorro,39099,151.38,258,26,Mun,Oriental Mindoro,,,
Victoria,50492,146.23,345,32,Mun,Oriental Mindoro,,,
Aborlan,35091,807.33,43,19,Mun,Palawan,,,
Agutaya,12545,37.31,336,10,Mun,Palawan,,,
Araceli,14909,204.3,73,13,Mun,Palawan,,,
Balabac,40142,581.6,69,20,Mun,Palawan,,,
Bataraza,75468,726.2,104,22,Mun,Palawan,,,
Brooke's Point,66374,1303.4,51,18,Mun,Palawan,,,
Busuanga,22046,392.9,56,14,Mun,Palawan,,,
Cagayancillo,6285,26.39,238,12,Mun,Palawan,,,
Coron,51803,689.1,75,23,Mun,Palawan,,,
Culion,20139,499.59,40,14,Mun,Palawan,,,
Cuyo,22360,84.95,263,17,Mun,Palawan,,,
Dumaran,23734,435,55,16,Mun,Palawan,,,
El Nido (Bacuit),41606,923.26,45,18,Mun,Palawan,,,
Kalayaan,184,290,1,1,Mun,Palawan,,,
Linapacan,15668,195.44,80,10,Mun,Palawan,,,
Magsaysay,12196,49.48,246,11,Mun,Palawan,,,
Narra,73212,831.73,88,23,Mun,Palawan,,,
Puerto Princesa,255116,2381.02,107,66,HUC,Palawan,,,
Quezon,60980,943.19,65,14,Mun,Palawan,,,
Rizal (Marcos),50096,1256.47,40,11,Mun,Palawan,,,
Roxas,65358,1177.56,56,31,Mun,Palawan,,,
San Vicente,31232,1462.94,21,10,Mun,Palawan,,,
Sofronio Española,32876,473.91,69,9,Mun,Palawan,,,
Taytay,75165,1257.68,60,31,Mun,Palawan,,,
Angeles,411634,60.27,6830,33,HUC,Pampanga,,,
Apalit,107965,61.47,1756,12,Mun,Pampanga,,,
Arayat,133492,134.48,993,30,Mun,Pampanga,,,
Bacolor,39460,71.7,550,21,Mun,Pampanga,,,
Candaba,111586,176.4,633,33,Mun,Pampanga,,,
Floridablanca,125163,175.48,713,33,Mun,Pampanga,,,
Guagua,117430,48.67,2413,31,Mun,Pampanga,,,
Lubao,160838,155.77,1033,44,Mun,Pampanga,,,
Mabalacat,250799,83.18,3015,27,CC,Pampanga,,,
Macabebe,75850,105.16,721,25,Mun,Pampanga,,,
Magalang,113147,97.32,1163,27,Mun,Pampanga,,,
Masantol,57063,48.25,1183,26,Mun,Pampanga,,,
Mexico,154624,117.41,1317,43,Mun,Pampanga,,,
Minalin,47713,48.27,988,15,Mun,Pampanga,,,
Porac,124381,314,396,29,Mun,Pampanga,,,
San Fernando,306659,67.74,4527,35,CC,Pampanga,,,
San Luis,54106,56.83,952,17,Mun,Pampanga,,,
San Simon,53198,57.37,927,14,Mun,Pampanga,,,
Santa Ana,55178,39.84,1385,14,Mun,Pampanga,,,
Santa Rita,40979,29.76,1377,10,Mun,Pampanga,,,
Santo Tomas,40475,21.3,1900,7,Mun,Pampanga,,,
Sasmuan,28004,91.8,305,12,Mun,Pampanga,,,
Agno,28052,169.75,165,17,Mun,Pangasinan,,,
Aguilar,41463,195.07,213,16,Mun,Pangasinan,,,
Alaminos,89708,164.26,546,39,CC,Pangasinan,,,
Alcala,43402,45.71,950,21,Mun,Pangasinan,,,
Anda,39504,74.55,530,18,Mun,Pangasinan,,,
Asingan,57355,66.64,861,21,Mun,Pangasinan,,,
Balungao,31106,73.25,425,20,Mun,Pangasinan,,,
Bani,50306,179.65,280,27,Mun,Pangasinan,,,
Basista,32959,24,1373,13,Mun,Pangasinan,,,
Bautista,32307,46.33,697,18,Mun,Pangasinan,,,
Bayambang,118205,143.94,821,77,Mun,Pangasinan,,,
Binalonan,54555,47.57,1147,24,Mun,Pangasinan,,,
Binmaley,83052,118.5,701,33,Mun,Pangasinan,,,
Bolinao,82084,197.22,416,30,Mun,Pangasinan,,,
Bugallon,67348,189.64,355,24,Mun,Pangasinan,,,
Burgos,21637,131.32,165,14,Mun,Pangasinan,,,
Calasiao,95154,48.36,1968,24,Mun,Pangasinan,,,
Dagupan,171271,37.23,4600,31,ICC,Pangasinan,,,
Dasol,29110,166.6,175,18,Mun,Pangasinan,,,
Infanta,24584,254.29,97,13,Mun,Pangasinan,,,
Labrador,23201,90.99,255,10,Mun,Pangasinan,,,
Laoac,31497,40.5,778,22,Mun,Pangasinan,,,
Lingayen,103278,62.76,1646,32,Mun,Pangasinan,,,
Mabini,24765,291.01,85,16,Mun,Pangasinan,,,
Malasiqui,130275,131.37,992,73,Mun,Pangasinan,,,
Manaoag,69497,55.95,1242,26,Mun,Pangasinan,,,
Mangaldan,106331,48.47,2194,30,Mun,Pangasinan,,,
Mangatarem,73241,317.5,231,82,Mun,Pangasinan,,,
Mapandan,37059,30,1235,15,Mun,Pangasinan,,,
Natividad,24299,134.36,181,18,Mun,Pangasinan,,,
Pozorrubio,69555,134.6,517,34,Mun,Pangasinan,,,
Rosales,63081,66.39,950,37,Mun,Pangasinan,,,
San Carlos,188571,169.03,1116,86,CC,Pangasinan,,,
San Fabian,83025,81.28,1021,34,Mun,Pangasinan,,,
San Jacinto,40848,44.18,925,19,Mun,Pangasinan,,,
San Manuel,52939,129.18,410,14,Mun,Pangasinan,,,
San Nicolas,35574,210.2,169,33,Mun,Pangasinan,,,
San Quintin,32945,115.9,284,21,Mun,Pangasinan,,,
Santa Barbara,82012,61.37,1336,29,Mun,Pangasinan,,,
Santa Maria,33038,69.5,475,23,Mun,Pangasinan,,,
Santo Tomas,15022,12.99,1156,10,Mun,Pangasinan,,,
Sison,47518,81.88,580,28,Mun,Pangasinan,,,
Sual,34149,130.16,262,19,Mun,Pangasinan,,,
Tayug,43149,51.24,842,21,Mun,Pangasinan,,,
Umingan,73252,258.43,283,58,Mun,Pangasinan,,,
Urbiztondo,50170,81.8,613,21,Mun,Pangasinan,,,
Urdaneta,132940,100.26,1326,34,CC,Pangasinan,,,
Villasis,62333,75.83,822,21,Mun,Pangasinan,,,
Agdangan,12851,31.54,407,12,Mun,Quezon,,,
Alabat,15630,57.61,271,19,Mun,Quezon,,,
Atimonan,63432,239.66,265,42,Mun,Quezon,,,
Buenavista,30047,161.35,186,37,Mun,Quezon,,,
Burdeos,26760,199.82,134,14,Mun,Quezon,,,
Calauag,73139,324.71,225,81,Mun,Quezon,,,
Candelaria,117434,129.1,910,25,Mun,Quezon,,,
Catanauan,71073,253.07,281,46,Mun,Quezon,,,
Dolores,28891,62.6,462,16,Mun,Quezon,,,
General Luna,26494,101.02,262,27,Mun,Quezon,,,
General Nakar,29705,1343.75,22,19,Mun,Quezon,,,
Guinayangan,45155,214.12,211,54,Mun,Quezon,,,
Gumaca,73877,189.65,390,59,Mun,Quezon,,,
Infanta,69079,342.76,202,36,Mun,Quezon,,,
Jomalig,7417,56.65,131,5,Mun,Quezon,,,
Lopez,95167,355.38,268,95,Mun,Quezon,,,
Lucban,51475,130.46,395,32,Mun,Quezon,,,
Lucena,266248,80.21,3319,33,HUC,Quezon,,,
Macalelon,28188,124.05,227,30,Mun,Quezon,,,
Mauban,63819,415.98,153,40,Mun,Quezon,,,
Mulanay,53123,420,126,28,Mun,Quezon,,,
Padre Burgos,22460,69.1,325,22,Mun,Quezon,,,
Pagbilao,75023,170.96,439,27,Mun,Quezon,,,
Panukulan,13546,226.61,60,12,Mun,Quezon,,,
Patnanungan,14606,139.2,105,6,Mun,Quezon,,,
Perez,12173,57.46,212,14,Mun,Quezon,,,
Pitogo,23019,73.39,314,39,Mun,Quezon,,,
Plaridel,10935,35.05,312,9,Mun,Quezon,,,
Polillo,30582,253,121,20,Mun,Quezon,,,
Quezon,15228,71.22,214,24,Mun,Quezon,,,
Real,35979,563.89,64,17,Mun,Quezon,,,
Sampaloc,13907,104.78,133,14,Mun,Quezon,,,
San Andres,35780,60.99,587,7,Mun,Quezon,,,
San Antonio,33467,172.93,194,20,Mun,Quezon,,,
San Francisco (Aurora),61473,303.96,202,16,Mun,Quezon,,,
San Narciso,48461,263.58,184,24,Mun,Quezon,,,
Sariaya,148980,212.16,702,43,Mun,Quezon,,,
Tagkawayan,51832,534.35,97,45,Mun,Quezon,,,
Tayabas,99779,230.95,432,66,CC,Quezon,,,
Tiaong,99712,168.38,592,31,Mun,Quezon,,,
Unisan,26884,124.15,217,36,Mun,Quezon,,,
Aglipay,27787,161.7,172,25,Mun,Quirino,,,
Cabarroguis,30582,260.2,118,17,Mun,Quirino,,,
Diffun,52569,320.1,164,33,Mun,Quirino,,,
Maddela,38499,918.57,42,32,Mun,Quirino,,,
Nagtipunan,23484,607.4,39,16,Mun,Quirino,,,
Saguday,16070,55.5,290,9,Mun,Quirino,,,
Angono,113283,26.22,4320,10,Mun,Rizal,,,
Antipolo,776386,306.1,2536,16,CC,Rizal,,,
Baras,69300,84.93,816,10,Mun,Rizal,,,
Binangonan,282474,66.34,4258,40,Mun,Rizal,,,
Cainta,322128,42.99,7493,7,Mun,Rizal,,,
Cardona,49034,28.56,1717,18,Mun,Rizal,,,
Jalajala,32254,44.12,731,11,Mun,Rizal,,,
Morong,58118,37.58,1547,8,Mun,Rizal,,,
Pililla,64812,69.95,927,9,Mun,Rizal,,,
Rodriguez (Montalban),369222,172.65,2139,11,Mun,Rizal,,,
San Mateo,252527,55.09,4584,15,Mun,Rizal,,,
Tanay,117830,200,589,19,Mun,Rizal,,,
Taytay,319104,38.8,8224,5,Mun,Rizal,,,
Teresa,57755,18.61,3103,9,Mun,Rizal,,,
Alcantara,16351,60.12,272,12,Mun,Romblon,,,
Banton (Jones),5536,32.48,170,17,Mun,Romblon,,,
Cajidiocan,21861,201.85,108,14,Mun,Romblon,,,
Calatrava,10275,86.7,119,7,Mun,Romblon,,,
Concepcion,4037,19.82,204,9,Mun,Romblon,,,
Corcuera,10283,28.53,360,15,Mun,Romblon,,,
Ferrol,6964,26.72,261,6,Mun,Romblon,,,
Looc,22262,132.82,168,12,Mun,Romblon,,,
Magdiwang,14142,100.75,140,9,Mun,Romblon,,,
Odiongan,45367,185.67,244,25,Mun,Romblon,,,
Romblon,38758,86.87,446,31,Mun,Romblon,,,
San Agustin,22598,140.48,161,15,Mun,Romblon,,,
San Andres,15589,112,139,13,Mun,Romblon,,,
San Fernando,23271,196.87,118,12,Mun,Romblon,,,
San Jose,10881,22.05,493,5,Mun,Romblon,,,
Santa Fe,16098,63.52,253,11,Mun,Romblon,,,
Santa Maria (Imelda),8508,36.2,235,6,Mun,Romblon,,,
Almagro,8942,51.36,174,23,Mun,Samar,,,
Basey,55480,513.01,108,51,Mun,Samar,,,
Calbayog,183851,880.74,209,157,CC,Samar,,,
Calbiga,22982,283.7,81,41,Mun,Samar,,,
Catbalogan,103879,274.22,379,57,CC,Samar,,,
Daram,42879,140.26,306,58,Mun,Samar,,,
Gandara,34434,573.49,60,69,Mun,Samar,,,
Hinabangan,13673,460.08,30,21,Mun,Samar,,,
Jiabong,18342,67.7,271,35,Mun,Samar,,,
Marabut,16962,143.55,118,24,Mun,Samar,,,
Matuguinao,7288,172.51,42,20,Mun,Samar,,,
Motiong,15156,174.4,87,29,Mun,Samar,,,
Pagsanghan,7945,30,265,13,Mun,Samar,,,
Paranas (Wright),30557,556.12,55,44,Mun,Samar,,,
Pinabacdao,18252,183.06,100,24,Mun,Samar,,,
San Jorge,17184,241.2,71,41,Mun,Samar,,,
San Jose de Buan,7769,366.9,21,14,Mun,Samar,,,
San Sebastian,8057,39.07,206,14,Mun,Samar,,,
Santa Margarita,26348,129.12,204,36,Mun,Samar,,,
Santa Rita,41591,411.77,101,38,Mun,Samar,,,
Santo Niño,12863,29.53,436,13,Mun,Samar,,,
Tagapul-an,8473,28.7,295,14,Mun,Samar,,,
Talalora,8057,27.96,288,11,Mun,Samar,,,
Tarangnan,24992,132.49,189,41,Mun,Samar,,,
Villareal,28230,98.54,286,38,Mun,Samar,,,
Zumarraga,16295,38.55,423,25,Mun,Samar,,,
Alabel,80359,510.98,157,13,Mun,Sarangani,,,
Glan,118263,610.3,194,31,Mun,Sarangani,,,
Kiamba,61058,328.68,186,19,Mun,Sarangani,,,
Maasim,59468,500.43,119,16,Mun,Sarangani,,,
Maitum,44595,290.66,153,19,Mun,Sarangani,,,
Malapatan,76914,609.28,126,12,Mun,Sarangani,,,
Malungon,103604,750.92,138,31,Mun,Sarangani,,,
Enrique Villanueva,6104,28.6,213,14,Mun,Siquijor,,,
Larena,13847,49.81,278,23,Mun,Siquijor,,,
Lazi,20490,70.64,290,18,Mun,Siquijor,,,
Maria,13828,53.37,259,22,Mun,Siquijor,,,
San Juan,14854,44.37,335,15,Mun,Siquijor,,,
Siquijor,26861,90.7,296,42,Mun,Siquijor,,,
Barcelona,20990,61.18,343,25,Mun,Sorsogon,,,
Bulan,100076,196.96,508,63,Mun,Sorsogon,,,
Bulusan,22884,96.3,238,24,Mun,Sorsogon,,,
Casiguran,32842,87.13,377,25,Mun,Sorsogon,,,
Castilla,57827,186.2,311,34,Mun,Sorsogon,,,
Donsol,49711,156.2,318,51,Mun,Sorsogon,,,
Gubat,59534,134.51,443,42,Mun,Sorsogon,,,
Irosin,56662,149.87,378,28,Mun,Sorsogon,,,
Juban,32320,121.49,266,25,Mun,Sorsogon,,,
Magallanes,37038,150.09,247,34,Mun,Sorsogon,,,
Matnog,41101,162.4,253,40,Mun,Sorsogon,,,
Pilar,74564,248,301,49,Mun,Sorsogon,,,
Prieto Diaz,22442,49.07,457,23,Mun,Sorsogon,,,
Santa Magdalena,16848,43.5,387,14,Mun,Sorsogon,,,
Sorsogon City,168110,276.11,609,64,CC,Sorsogon,,,
Banga,83989,240.35,349,22,Mun,South Cotabato,,,
General Santos (Dadiangas),594446,492.86,1206,26,HUC,South Cotabato,,,
Koronadal,174942,277,632,27,CC,South Cotabato,,,
Lake Sebu,87442,702,125,19,Mun,South Cotabato,,,
Norala,46642,123.2,379,14,Mun,South Cotabato,,,
Polomolok,152589,339.97,449,23,Mun,South Cotabato,,,
Santo Niño,40947,86.2,475,10,Mun,South Cotabato,,,
Surallah,84539,540.3,156,17,Mun,South Cotabato,,,
T'Boli,91453,895.83,102,25,Mun,South Cotabato,,,
Tampakan,39525,390,101,14,Mun,South Cotabato,,,
Tantangan,43245,113.1,382,13,Mun,South Cotabato,,,
Tupi,69976,228,307,15,Mun,South Cotabato,,,
Anahawan,8211,58.09,141,14,Mun,Southern Leyte,,,
Bontoc,28905,102.1,283,40,Mun,Southern Leyte,,,
Hinunangan,29976,170.58,176,40,Mun,Southern Leyte,,,
Hinundayan,12285,59.9,205,17,Mun,Southern Leyte,,,
Libagon,15169,98.62,154,14,Mun,Southern Leyte,,,
Liloan,23981,50.3,477,24,Mun,Southern Leyte,,,
Limasawa,6061,6.98,868,6,Mun,Southern Leyte,,,
Maasin,85560,211.71,404,70,CC,Southern Leyte,,,
Macrohon,26244,126.39,208,30,Mun,Southern Leyte,,,
Malitbog,22923,74.97,306,37,Mun,Southern Leyte,,,
Padre Burgos,11091,25.65,432,11,Mun,Southern Leyte,,,
Pintuyan,9826,36.98,266,23,Mun,Southern Leyte,,,
Saint Bernard,28395,100.2,283,30,Mun,Southern Leyte,,,
San Francisco,13402,68.6,195,22,Mun,Southern Leyte,,,
San Juan (Cabalian),14858,96.12,155,18,Mun,Southern Leyte,,,
San Ricardo,10494,47.56,221,15,Mun,Southern Leyte,,,
Silago,12775,215.05,59,15,Mun,Southern Leyte,,,
Sogod,44986,192.7,233,45,Mun,Southern Leyte,,,
Tomas Oppus,16608,56.11,296,29,Mun,Southern Leyte,,,
Bagumbayan,67061,672.06,100,19,Mun,Sultan Kudarat,,,
Columbio,33258,926.15,36,16,Mun,Sultan Kudarat,,,
Esperanza,66095,324.29,204,19,Mun,Sultan Kudarat,,,
Isulan,90682,541.25,168,17,Mun,Sultan Kudarat,,,
Kalamansig,49059,699.2,70,15,Mun,Sultan Kudarat,,,
Lambayong (Mariano Marcos),77013,226.88,339,26,Mun,Sultan Kudarat,,,
Lebak,88868,470.86,189,27,Mun,Sultan Kudarat,,,
Lutayan,63029,271,233,11,Mun,Sultan Kudarat,,,
Palimbang,90424,484.85,186,40,Mun,Sultan Kudarat,,,
President Quirino,41408,208.4,199,19,Mun,Sultan Kudarat,,,
Senator Ninoy Aquino,46882,320,147,20,Mun,Sultan Kudarat,,,
Tacurong,98316,153.4,641,20,CC,Sultan Kudarat,,,
Banguingui (Tongkil),24161,352.59,69,14,Mun,Sulu,,,
Hadji Panglima Tahil (Marunggas),6375,67.9,94,5,Mun,Sulu,,,
Indanan,80883,170.72,474,34,Mun,Sulu,,,
Jolo,125564,126.4,993,8,Mun,Sulu,,,
Kalingalan Caluang,31567,166.5,190,9,Mun,Sulu,,,
Lugus,21897,133.04,165,17,Mun,Sulu,,,
Luuk,32162,313.04,103,12,Mun,Sulu,,,
Maimbung,37914,77.5,489,27,Mun,Sulu,,,
Old Panamao,40998,107.57,381,31,Mun,Sulu,,,
Omar,25116,84.45,297,8,Mun,Sulu,,,
Pandami,25885,170.89,151,16,Mun,Sulu,,,
Panglima Estino (New Panamao),28817,125.1,230,12,Mun,Sulu,,,
Pangutaran,30613,258.1,119,16,Mun,Sulu,,,
Parang,62172,258,241,40,Mun,Sulu,,,
Pata,22163,116.99,189,14,Mun,Sulu,,,
Patikul,62287,330.04,189,30,Mun,Sulu,,,
Siasi,67705,192.87,351,50,Mun,Sulu,,,
Talipao,80255,380.57,211,52,Mun,Sulu,,,
Tapul,18197,89.17,204,15,Mun,Sulu,,,
Alegria,16011,65.28,245,12,Mun,Surigao del Norte,,,
Bacuag,14486,95.85,151,9,Mun,Surigao del Norte,,,
Burgos,4034,19.27,209,6,Mun,Surigao del Norte,,,
Claver,32773,322.6,102,14,Mun,Surigao del Norte,,,
Dapa,23787,91.9,259,29,Mun,Surigao del Norte,,,
Del Carmen,18392,151.68,121,20,Mun,Surigao del Norte,,,
General Luna,16771,41.3,406,19,Mun,Surigao del Norte,,,
Gigaquit,20864,138.11,151,13,Mun,Surigao del Norte,,,
Mainit,26741,107.76,248,21,Mun,Surigao del Norte,,,
Malimono,18054,80.13,225,14,Mun,Surigao del Norte,,,
Pilar,9752,77.11,126,15,Mun,Surigao del Norte,,,
Placer,27094,61.29,442,20,Mun,Surigao del Norte,,,
San Benito,5404,45.63,118,6,Mun,Surigao del Norte,,,
San Francisco (Anao-Aon),14552,56.72,257,11,Mun,Surigao del Norte,,,
San Isidro,7325,42.03,174,12,Mun,Surigao del Norte,,,
Santa Monica (Sapao),8808,39.19,225,11,Mun,Surigao del Norte,,,
Sison,13155,54.7,240,12,Mun,Surigao del Norte,,,
Socorro,22314,114.45,195,14,Mun,Surigao del Norte,,,
Surigao City,154137,245.3,628,54,CC,Surigao del Norte,,,
Tagana-an,16428,77.29,213,14,Mun,Surigao del Norte,,,
Tubod,14206,45.34,313,9,Mun,Surigao del Norte,,,
Barobo,49730,242.5,205,21,Mun,Surigao del Sur,,,
Bayabas,8164,117.84,69,7,Mun,Surigao del Sur,,,
Bislig,94535,331.8,285,24,CC,Surigao del Sur,,,
Cagwait,20384,214.1,95,11,Mun,Surigao del Sur,,,
Cantilan,31492,240.1,131,17,Mun,Surigao del Sur,,,
Carmen,10347,160.01,65,8,Mun,Surigao del Sur,,,
Carrascal,22479,265.8,85,14,Mun,Surigao del Sur,,,
Cortes,15912,127.08,125,12,Mun,Surigao del Sur,,,
Hinatuan,39842,299.1,133,24,Mun,Surigao del Sur,,,
Lanuza,12001,290.6,41,13,Mun,Surigao del Sur,,,
Lianga,29493,161.12,183,13,Mun,Surigao del Sur,,,
Lingig,31485,305.17,103,18,Mun,Surigao del Sur,,,
Madrid,15223,141.2,108,14,Mun,Surigao del Sur,,,
Marihatag,18518,312.5,59,12,Mun,Surigao del Sur,,,
San Agustin,22779,277.28,82,13,Mun,Surigao del Sur,,,
San Miguel,39340,558,71,18,Mun,Surigao del Sur,,,
Tagbina,38833,343.49,113,25,Mun,Surigao del Sur,,,
Tago,35329,253.28,139,24,Mun,Surigao del Sur,,,
Tandag,56364,291.73,193,21,CC,Surigao del Sur,,,
Anao,11528,23.87,483,18,Mun,Tarlac,,,
Bamban,69466,251.98,276,15,Mun,Tarlac,,,
Camiling,83248,140.53,592,61,Mun,Tarlac,,,
Capas,140202,376.39,372,20,Mun,Tarlac,,,
Concepcion,154188,242.99,635,45,Mun,Tarlac,,,
Gerona,87531,128.89,679,44,Mun,Tarlac,,,
La Paz,64017,114.33,560,21,Mun,Tarlac,,,
Mayantoc,32232,311.42,104,24,Mun,Tarlac,,,
Moncada,57787,85.75,674,37,Mun,Tarlac,,,
Paniqui,92606,105.16,881,35,Mun,Tarlac,,,
Pura,23712,31.01,765,16,Mun,Tarlac,,,
Ramos,21350,24.4,875,9,Mun,Tarlac,,,
San Clemente,12657,49.73,255,12,Mun,Tarlac,,,
San Jose,36253,592.81,61,13,Mun,Tarlac,,,
San Manuel,25504,42.1,606,15,Mun,Tarlac,,,
Santa Ignacia,47538,146.07,325,24,Mun,Tarlac,,,
Tarlac City,342493,274.66,1247,76,CC,Tarlac,,,
Victoria,63715,111.51,571,26,Mun,Tarlac,,,
Bongao,100527,365.95,275,35,Mun,Tawi-Tawi,,,
Languyan,33494,581.2,58,20,Mun,Tawi-Tawi,,,
Mapun (Cagayan de Tawi-Tawi),26597,181.29,147,15,Mun,Tawi-Tawi,,,
Panglima Sugala (Balimbing),44184,416.66,106,17,Mun,Tawi-Tawi,,,
Sapa-Sapa,30917,235.61,131,23,Mun,Tawi-Tawi,,,
Sibutu,30387,0,0,16,Mun,Tawi-Tawi,,,
Simunul,31223,167.25,187,15,Mun,Tawi-Tawi,,,
Sitangkai,33334,792,42,9,Mun,Tawi-Tawi,,,
South Ubian,25935,272.04,95,31,Mun,Tawi-Tawi,,,
Tandubas,29390,552.05,53,20,Mun,Tawi-Tawi,,,
Turtle Islands (Taganak),4727,62.5,76,2,Mun,Tawi-Tawi,,,
Botolan,57707,735.28,78,31,Mun,Zambales,,,
Cabangan,25163,175.29,144,22,Mun,Zambales,,,
Candelaria,27174,333.59,81,16,Mun,Zambales,,,
Castillejos,64841,92.99,697,14,Mun,Zambales,,,
Iba,50506,153.38,329,14,Mun,Zambales,,,
Masinloc,47719,331.5,144,13,Mun,Zambales,,,
Olongapo,233040,185,1260,17,HUC,Zambales,,,
Palauig,34947,310,113,19,Mun,Zambales,,,
San Antonio,34661,188.12,184,14,Mun,Zambales,,,
San Felipe,23183,111.6,208,11,Mun,Zambales,,,
San Marcelino,33665,416.86,81,18,Mun,Zambales,,,
San Narciso,28360,71.6,396,17,Mun,Zambales,,,
Santa Cruz,58151,438.46,133,25,Mun,Zambales,,,
Subic,104771,287.16,365,16,Mun,Zambales,,,
Baliguian,22588,439.26,51,17,Mun,Zamboanga del Norte,,,
Dapitan,82418,390.53,211,50,CC,Zamboanga del Norte,,,
Dipolog,130759,241.13,542,21,CC,Zamboanga del Norte,,,
Godod,17424,190,92,17,Mun,Zamboanga del Norte,,,
Gutalac,34654,492.86,70,33,Mun,Zamboanga del Norte,,,
Jose Dalman (Ponot),27388,135,203,18,Mun,Zamboanga del Norte,,,
Kalawit,23633,217.89,108,14,Mun,Zamboanga del Norte,,,
Katipunan,45577,244.12,187,30,Mun,Zamboanga del Norte,,,
La Libertad,8406,69.51,121,13,Mun,Zamboanga del Norte,,,
Labason,41357,169.58,244,20,Mun,Zamboanga del Norte,,,
Leon B. Postigo (Bacungan),26221,255.5,103,18,Mun,Zamboanga del Norte,,,
Liloy,39812,128.43,310,37,Mun,Zamboanga del Norte,,,
Manukan,36526,246.35,148,22,Mun,Zamboanga del Norte,,,
Mutia,12675,73.58,172,16,Mun,Zamboanga del Norte,,,
Piñan (New Piñan),20161,93.75,215,22,Mun,Zamboanga del Norte,,,
Polanco,39347,206.88,190,30,Mun,Zamboanga del Norte,,,
President Manuel A. Roxas,39323,206.25,191,31,Mun,Zamboanga del Norte,,,
Rizal,14021,80.03,175,22,Mun,Zamboanga del Norte,,,
Salug,32204,206.6,156,23,Mun,Zamboanga del Norte,,,
Sergio Osmeña Sr.,30220,556.44,54,39,Mun,Zamboanga del Norte,,,
Siayan,34966,494.75,71,22,Mun,Zamboanga del Norte,,,
Sibuco,34620,782.54,44,28,Mun,Zamboanga del Norte,,,
Sibutad,17645,65.57,269,16,Mun,Zamboanga del Norte,,,
Sindangan,99435,451,220,52,Mun,Zamboanga del Norte,,,
Siocon,46907,503.2,93,26,Mun,Zamboanga del Norte,,,
Sirawai,28799,222.5,129,34,Mun,Zamboanga del Norte,,,
Tampilisan,24307,137.75,176,20,Mun,Zamboanga del Norte,,,
Aurora,50755,180.95,280,44,Mun,Zamboanga del Sur,,,
Bayog,33591,356.4,94,28,Mun,Zamboanga del Sur,,,
Dimataling,30081,141.8,212,24,Mun,Zamboanga del Sur,,,
Dinas,35504,121.1,293,30,Mun,Zamboanga del Sur,,,
Dumalinao,32013,117.64,272,30,Mun,Zamboanga del Sur,,,
Dumingag,47485,297.75,159,44,Mun,Zamboanga del Sur,,,
Guipos,20729,90.53,229,17,Mun,Zamboanga del Sur,,,
Josefina,11799,56.35,209,14,Mun,Zamboanga del Sur,,,
Kumalarang,28469,151.49,188,18,Mun,Zamboanga del Sur,,,
Labangan,41790,157.9,265,25,Mun,Zamboanga del Sur,,,
Lakewood,20374,201.3,101,14,Mun,Zamboanga del Sur,,,
Lapuyan,27264,329,83,26,Mun,Zamboanga del Sur,,,
Mahayag,46516,194.9,239,29,Mun,Zamboanga del Sur,,,
Margosatubig,37873,111.69,339,17,Mun,Zamboanga del Sur,,,
Midsalip,32075,161.56,199,33,Mun,Zamboanga del Sur,,,
Molave,52006,251.5,207,25,Mun,Zamboanga del Sur,,,
Pagadian,199060,378.8,526,54,CC,Zamboanga del Sur,,,
Pitogo,27057,95.94,282,15,Mun,Zamboanga del Sur,,,
Ramon Magsaysay (Liargo),26606,113.7,234,27,Mun,Zamboanga del Sur,,,
San Miguel,19205,181.59,106,18,Mun,Zamboanga del Sur,,,
San Pablo,26106,149.9,174,28,Mun,Zamboanga del Sur,,,
Sominot (Don Mariano Marcos),18537,111.52,166,18,Mun,Zamboanga del Sur,,,
Tabina,25061,86.9,288,15,Mun,Zamboanga del Sur,,,
Tambulig,36160,130.65,277,31,Mun,Zamboanga del Sur,,,
Tigbao,20979,120.69,174,18,Mun,Zamboanga del Sur,,,
Tukuran,39820,144.91,275,25,Mun,Zamboanga del Sur,,,
Vincenzo A. Sagun,23759,63,377,14,Mun,Zamboanga del Sur,,,
Zamboanga City,861799,"1,483.38",581,98,HUC,Zamboanga del Sur,,,
Alicia,36013,183.08,197,27,Mun,Zamboanga Sibugay,,,
Buug,36634,134.06,273,27,Mun,Zamboanga Sibugay,,,
Diplahan,32428,255.51,127,22,Mun,Zamboanga Sibugay,,,
Imelda,28018,85.12,329,18,Mun,Zamboanga Sibugay,,,
Ipil,74656,241.6,309,28,Mun,Zamboanga Sibugay,,,
Kabasalan,44336,289.2,153,29,Mun,Zamboanga Sibugay,,,
Mabuhay,36870,82.85,445,18,Mun,Zamboanga Sibugay,,,
Malangas,33380,235.53,142,25,Mun,Zamboanga Sibugay,,,
Naga,38547,246.3,157,23,Mun,Zamboanga Sibugay,,,
Olutanga,33671,113.3,297,19,Mun,Zamboanga Sibugay,,,
Payao,31686,245.66,129,29,Mun,Zamboanga Sibugay,,,
Roseller Lim,43646,300,145,26,Mun,Zamboanga Sibugay,,,
Siay,41572,313.66,133,29,Mun,Zamboanga Sibugay,,,
Talusan,29969,58.16,515,14,Mun,Zamboanga Sibugay,,,
Titay,49673,350.44,142,30,Mun,Zamboanga Sibugay,,,
Tungawan,42030,473.28,89,25,Mun,Zamboanga Sibugay,,,
"^ Unless otherwise noted, all land area figures were taken from the Philippine Statistics Authority (PSGC website).",,,,,,,,,